FOR GEOCODING,Latitude,Longitude,Station
"Secretariat, Amaravati, Andhra Pradesh",16.5045615,80.5235168,CAAQMS
"Gulzarpet, Anantapur, Andhra Pradesh",14.6754526,77.5977596,CAAQMS
"Gangineni Cheruvu, Chittoor, Andhra Pradesh",13.2053706,79.1001608,CAAQMS
"Anand Kala Kshetram, Rajamahendravaram, Andhra Pradesh",16.9955344,81.777335,CAAQMS
"Tirumala, Tirupati, Andhra Pradesh",13.6807357,79.3508975,CAAQMS
"Vaikuntapuram, Tirupati, Andhra Pradesh",13.6143707,79.4120108,CAAQMS
"PWD Grounds, Vijayawada, Andhra Pradesh",16.5061942,80.6313553,CAAQMS
"Greater Visakhapatnam Municipal Corporation, Visakhapatnam, Andhra Pradesh",17.6868159,83.2184815,CAAQMS
"Naharlagun, Naharlagun, Arunachal Pradesh",27.1086309,93.6983979,CAAQMS
"IITG, Guwahati, Assam",26.2027435,91.7003706,CAAQMS
"LGBI Airport, Guwahati, Assam",26.1064727,91.5860468,CAAQMS
"Pan Bazaar, Guwahati, Assam",26.1859679,91.7453642,CAAQMS
"Railway Colony, Guwahati, Assam",26.1795873,91.784315,CAAQMS
"Bata Chowk, Nalbari, Assam",26.4470004,91.4400096,CAAQMS
"Girls College, Sivasagar, Assam",26.988134,94.6338415,CAAQMS
"Kharahiya Basti, Araria, Bihar",26.1475707,87.4566817,CAAQMS
"New DM Office, Arrah, Bihar",25.5626095,84.663264,CAAQMS
"Gurdeo Nagar, Aurangabad, Bihar",24.7548649,84.3680054,CAAQMS
"DRCC Anandpur, Begusarai, Bihar",25.4445116,86.1399615,CAAQMS
"Kamalnath Nagar, Bettiah, Bihar",26.8040197,84.5104212,CAAQMS
"DM Office_Kachari Chowk, Bhagalpur, Bihar",25.2506776,86.9897915,CAAQMS
"Mayaganj, Bhagalpur, Bihar",25.2610043,87.0086927,CAAQMS
"D M Colony, Bihar Sharif, Bihar",25.2033713,85.5142297,CAAQMS
"Central Jail, Buxar, Bihar",25.5580341,83.9499487,CAAQMS
"Darshan Nagar, Chhapra, Bihar",25.7827064,84.7459203,CAAQMS
"Town Hall Lal Bagh, Darbhanga, Bihar",26.1514392,85.8934836,CAAQMS
"Collectorate, Gaya, Bihar",24.7910258,85.0065139,CAAQMS
"Kareemganj, Gaya, Bihar",24.7953413,84.9882548,CAAQMS
"SFTI Kusdihra, Gaya, Bihar",24.762915,84.9819212,CAAQMS
"Industrial Area, Hajipur, Bihar",25.6927811,85.2401164,CAAQMS
"Mirchaibari, Katihar, Bihar",25.5626421,87.5628552,CAAQMS
"SDM Office_Khagra, Kishanganj, Bihar",26.0880835,87.9383428,CAAQMS
"Forest Rest House, Manguraha, Bihar",26.5638594,84.6073537,CAAQMS
"Gandak Colony, Motihari, Bihar",26.631984,84.9010818,CAAQMS
"Town Hall, Munger, Bihar",25.3766685,86.4714129,CAAQMS
"Buddha Colony, Muzaffarpur, Bihar",26.1166997,85.3995031,CAAQMS
"MIT Daudpur Kothi, Muzaffarpur, Bihar",26.1399666,85.3665871,CAAQMS
"Muzaffarpur Collectorate, Muzaffarpur, Bihar",26.1235085,85.3812437,CAAQMS
"DRM Office Danapur, Patna, Bihar",25.5856237,85.0442993,CAAQMS
"Govt. High School Shikarpur, Patna, Bihar",25.5932705,85.2272332,CAAQMS
"IGSC Planetarium Complex, Patna, Bihar",25.5940947,85.1375645,CAAQMS
"Muradpur, Patna, Bihar",25.6194928,85.14664,CAAQMS
"Rajbansi Nagar, Patna, Bihar",25.603603,85.1119721,CAAQMS
"Samanpura, Patna, Bihar",25.6074609,85.0845675,CAAQMS
"Mariam Nagar, Purnia, Bihar",25.766642,87.4665884,CAAQMS
"Dangi Tola, Rajgir, Bihar",25.0281986,85.420791,CAAQMS
"Police Line, Saharsa, Bihar",25.8979684,86.5880148,CAAQMS
"DM Office_Kasipur, Samastipur, Bihar",25.8596222,85.7793189,CAAQMS
"Dada Peer, Sasaram, Bihar",24.951303,84.0021995,CAAQMS
"Chitragupta Nagar, Siwan, Bihar",26.2298955,84.3561766,CAAQMS
"Sector 22, Chandigarh, Chandigarh",30.7320385,76.7726334,CAAQMS
"Sector 25, Chandigarh, Chandigarh",30.7512305,76.7583714,CAAQMS
"Sector 53, Chandigarh, Chandigarh",30.7163083,76.7284448,CAAQMS
"32Bungalows, Bhilai, Chhattisgarh",21.1951763,81.3120902,CAAQMS
"Civic Center, Bhilai, Chhattisgarh",21.1870265,81.3426323,CAAQMS
"Hathkhoj, Bhilai, Chhattisgarh",21.2340619,81.4261283,CAAQMS
"Mangala, Bilaspur, Chhattisgarh",22.097191,82.1293881,CAAQMS
"Rampur, Korba, Chhattisgarh",22.3720913,82.7387601,CAAQMS
"Urja Nagar, Korba, Chhattisgarh",22.3470904,82.5503563,CAAQMS
"AIIMS, Raipur, Chhattisgarh",21.2585696,81.5813444,CAAQMS
"Bhatagaon New ISBT, Raipur, Chhattisgarh",21.2193043,81.6310681,CAAQMS
"Krishak Nagar, Raipur, Chhattisgarh",21.2382446,81.7048419,CAAQMS
"Siltara Phase II, Raipur, Chhattisgarh",21.2698628,81.5894589,CAAQMS
"Alipur, Delhi, Delhi",28.7972263,77.1331363,CAAQMS
"Anand Vihar, Delhi, Delhi",28.650218,77.3027059,CAAQMS
"Ashok Vihar, Delhi, Delhi",28.6909791,77.1765239,CAAQMS
"Aya Nagar, Delhi, Delhi",28.4720443,77.1329417,CAAQMS
"Bawana, Delhi, Delhi",28.793229,77.0483355,CAAQMS
"Burari Crossing, Delhi, Delhi",28.7285,77.19738,CAAQMS
"CRRI Mathura Road, Delhi, Delhi",28.5517202,77.2750344,CAAQMS
"Chandni Chowk, Delhi, Delhi",28.6505331,77.230337,CAAQMS
"DTU, Delhi, Delhi",28.7499867,77.1183137,CAAQMS
"Dr. Karni Singh Shooting Range, Delhi, Delhi",28.4997268,77.2670954,CAAQMS
"Dwarka,Delhi",28.5822999,77.0499762,CAAQMS
"East Arjun Nagar, Delhi, Delhi",28.6561732,77.2947467,CAAQMS
"IGI Airport (T3), Delhi, Delhi",28.5550838,77.0844015,CAAQMS
"IHBAS, Dilshad Garden, Delhi, Delhi",28.6826275,77.3049532,CAAQMS
"ITO, Delhi, Delhi",28.6308294,77.2505733,CAAQMS
"Jahangirpuri, Delhi, Delhi",28.7296171,77.1666313,CAAQMS
"Jawaharlal Nehru Stadium, Delhi, Delhi",28.5833047,77.2333304,CAAQMS
"Lodhi Road, Delhi, Delhi",28.5910626,77.2280791,CAAQMS
"Lodhi Road, Delhi, Delhi",28.5910626,77.2280791,CAAQMS
"Major Dhyan Chand National Stadium, Delhi, Delhi",28.612569,77.2367984,CAAQMS
"Mandir Marg, Delhi, Delhi",28.6341752,77.2004746,CAAQMS
"Mundka, Delhi, Delhi",28.6823144,77.034937,CAAQMS
"NSIT Dwarka, Delhi, Delhi",28.6100216,77.0379647,CAAQMS
"Najafgarh, Delhi, Delhi",28.6090126,76.9854526,CAAQMS
"Narela, Delhi, Delhi",28.8548818,77.0892151,CAAQMS
"Nehru Nagar, Delhi, Delhi",28.5706035,77.2505733,CAAQMS
"North Campus, DU, Delhi, Delhi",28.687193,77.210336,CAAQMS
"Okhla Phase 2, Delhi, Delhi",28.5357628,77.2764329,CAAQMS
"Patparganj, Delhi, Delhi",28.6347308,77.3045711,CAAQMS
"Punjabi Bagh, Delhi, Delhi",28.6706933,77.1284765,CAAQMS
"Pusa, Delhi, Delhi",28.6376724,77.1571443,CAAQMS
"Pusa, Delhi, Delhi",28.6376724,77.1571443,CAAQMS
"R K Puram, Delhi, Delhi",28.5660075,77.1767435,CAAQMS
"Rohini, Delhi, Delhi",28.7382677,77.0822151,CAAQMS
"Shadipur, Delhi, Delhi",28.651027,77.1562196,CAAQMS
"Sirifort, Delhi, Delhi",28.5505827,77.214799,CAAQMS
"Sonia Vihar, Delhi, Delhi",28.7332472,77.2495891,CAAQMS
"Sri Aurobindo Marg, Delhi, Delhi",28.5562223,77.2063073,CAAQMS
"Vivek Vihar, Delhi, Delhi",28.6712458,77.3176541,CAAQMS
"Wazirpur, Delhi, Delhi",28.6975444,77.1604397,CAAQMS
"Chandkheda, Ahmedabad, Gujarat",23.109098,72.5849179,CAAQMS
"Gyaspur, Ahmedabad, Gujarat",22.9691813,72.5382069,CAAQMS
"Maninagar, Ahmedabad, Gujarat",22.995165,72.604097,CAAQMS
"Raikhad, Ahmedabad, Gujarat",23.0189588,72.5811117,CAAQMS
"Rakhial, Ahmedabad, Gujarat",23.0213204,72.6239242,CAAQMS
"SAC ISRO Bopal, Ahmedabad, Gujarat",23.0407417,72.4564222,CAAQMS
"SAC ISRO Satellite, Ahmedabad, Gujarat",23.023229,72.5151203,CAAQMS
"SVPI Airport Hansol, Ahmedabad, Gujarat",23.0734262,72.626571,CAAQMS
"Sardar Vallabhbhai Patel Stadium, Ahmedabad, Gujarat",23.0418636,72.5635863,CAAQMS
"GIDC, Ankleshwar, Gujarat",21.6143446,73.0115597,CAAQMS
"GIFT City, Gandhinagar, Gujarat",23.1586396,72.6831136,CAAQMS
"IIPHG Lekawada, Gandhinagar, Gujarat",23.2446512,72.6874392,CAAQMS
"Sector 10, Gandhinagar, Gujarat",23.2150981,72.6542732,CAAQMS
"GIDC, Nandesari, Gujarat",22.406643,73.0920622,CAAQMS
"Science Center, Surat, Gujarat",21.1702316,72.7955882,CAAQMS
"Phase 1 GIDC, Vapi, Gujarat",20.3521472,72.9135734,CAAQMS
"Phase 4 GIDC, Vatva, Gujarat",22.9702828,72.6476393,CAAQMS
"Patti Mehar, Ambala, Haryana",30.3778718,76.7733263,CAAQMS
"Arya Nagar, Bahadurgarh, Haryana",28.6771177,76.9282948,CAAQMS
"Nathu Colony, Ballabgarh, Haryana",28.338774,77.3205629,CAAQMS
"H.B. Colony, Bhiwani, Haryana",28.8082043,76.1361016,CAAQMS
"Mini Secretariat, Charkhi Dadri, Haryana",28.5946828,76.2755277,CAAQMS
"Municipal Corporation Office, Dharuhera, Haryana",28.2056606,76.7914639,CAAQMS
"New Industrial Town, Faridabad, Haryana",28.3922002,77.301675,CAAQMS
"Sector 11, Faridabad, Haryana",28.3704165,77.3220128,CAAQMS
"Sector 30, Faridabad, Haryana",28.4425186,77.3223915,CAAQMS
"Sector 16A, Faridabad, Haryana",28.4060902,77.3184825,CAAQMS
"Huda Sector, Fatehabad, Haryana",29.5030525,75.4737974,CAAQMS
"NISE Gwal Pahari, Gurugram, Haryana",28.4235473,77.1489412,CAAQMS
"Sector 51, Gurugram, Haryana",28.4320397,77.0686159,CAAQMS
"Teri Gram, Gurugram, Haryana",28.4275348,77.1464583,CAAQMS
"Vikas Sadan, Gurugram, Haryana",28.4501238,77.0284938,CAAQMS
"Urban Estate,Haryana",29.3196304,76.3463624,CAAQMS
"Police Lines, Jind, Haryana",29.3069655,76.3478097,CAAQMS
"Rishi Nagar, Kaithal, Haryana",29.8029465,76.4143664,CAAQMS
"Sector 12, Karnal, Haryana",29.6955341,76.9995868,CAAQMS
"Sector 7, Kurukshetra, Haryana",29.9692794,76.8735374,CAAQMS
"General Hospital, Mandikhera, Haryana",27.9001517,76.9938826,CAAQMS
"Sector 2 IMT, Manesar, Haryana",28.3654839,76.9369384,CAAQMS
"Shastri Nagar, Narnaul, Haryana",28.0636597,76.1116997,CAAQMS
"Shyam Nagar, Palwal, Haryana",28.1482612,77.3331604,CAAQMS
"Sector 6, Panchkula, Haryana",30.706579,76.8545201,CAAQMS
"Sector 18, Panipat, Haryana",29.4362833,76.9772675,CAAQMS
"MD University, Rohtak, Haryana",28.8768269,76.621108,CAAQMS
"F Block, Sirsa, Haryana",29.5363692,75.015843,CAAQMS
"Murthal, Sonipat, Haryana",29.0315896,77.0723807,CAAQMS
"Gobind Pura, Yamuna Nagar, Haryana",30.1501492,77.2850239,CAAQMS
"HIMUDA Complex Phase 1, Baddi, Himachal Pradesh",30.9395251,76.8040021,CAAQMS
"Rajbagh, Srinagar, Jammu and Kashmir",34.0661987,74.8287807,CAAQMS
"Tata Stadium, Jorapokhar, Jharkhand",23.7082799,86.4127228,CAAQMS
"Vidayagiri, Bagalkot, Karnataka",16.1756049,75.6586295,CAAQMS
"Ramteerth Nagar, Belgaum, Karnataka",15.8907358,74.5433988,CAAQMS
"BTM Layout, Bengaluru, Karnataka",12.9165757,77.6101163,CAAQMS
"BWSSB Kadabesanahalli, Bengaluru, Karnataka",12.9473227,77.6982627,CAAQMS
"Bapuji Nagar, Bengaluru, Karnataka",12.95678,77.5397293,CAAQMS
"City Railway Station, Bengaluru, Karnataka",12.9758403,77.5657561,CAAQMS
"Hebbal, Bengaluru, Karnataka",13.0353557,77.5987874,CAAQMS
"Hombegowda Nagar, Bengaluru, Karnataka",12.9375448,77.5948946,CAAQMS
"Jayanagar 5th Block, Bengaluru, Karnataka",12.9198758,77.5836827,CAAQMS
"Peenya, Bengaluru, Karnataka",13.0285133,77.5196763,CAAQMS
"RVCE Mailasandra, Bengaluru, Karnataka",12.9237228,77.4987012,CAAQMS
"Sanegurava Halli, Bengaluru, Karnataka",12.9908883,77.5440288,CAAQMS
"Silk Board, Bengaluru, Karnataka",12.9177099,77.6237863,CAAQMS
"Naubad, Bidar, Karnataka",17.93357,77.4788014,CAAQMS
"Urban, Chamarajanagar, Karnataka",11.9271328,76.9326167,CAAQMS
"Chikkaballapur Rural, Chikkaballapur, Karnataka",13.4290654,77.7330474,CAAQMS
"Kalyana Nagara, Chikkamagaluru, Karnataka",13.3230247,75.7967371,CAAQMS
"Devaraj Urs Badavane, Davanagere, Karnataka",14.4758107,75.9071272,CAAQMS
"Kalabhavan, Dharwad, Karnataka",15.4600114,75.0076378,CAAQMS
"Panchal Nagar, Gadag, Karnataka",15.4195912,75.6397204,CAAQMS
"B.Katihalli, Hassan, Karnataka",13.0123203,76.1334449,CAAQMS
"Ashwini Nagar, Haveri, Karnataka",14.7933682,75.3922237,CAAQMS
"Deshpande Nagar, Hubballi, Karnataka",15.3547598,75.1384848,CAAQMS
"Lingaraj Nagar, Hubballi, Karnataka",15.3708506,75.1129423,CAAQMS
"Lal Bahadur Shastri Nagar, Kalaburagi, Karnataka",17.3203897,76.8194767,CAAQMS
"Mahatma Basaveswar Colony, Kalaburgi, Karnataka",17.3368891,76.8497536,CAAQMS
"Tamaka Ind. Area, Kolar, Karnataka",13.1289532,78.1585809,CAAQMS
"Diwator Nagar, Koppal, Karnataka",15.3500492,76.1646475,CAAQMS
"Stuart Hill, Madikeri, Karnataka",12.4152774,75.7458708,CAAQMS
"Kadri, Mangalore, Karnataka",12.8804608,74.8591578,CAAQMS
"Hebbal 1st Stage, Mysuru, Karnataka",12.3500813,76.6209903,CAAQMS
"Haji Colony, Raichur, Karnataka",16.2108191,77.3482352,CAAQMS
"Vijay Nagar, Ramanagara, Karnataka",12.7324268,77.2902266,CAAQMS
"Vinoba Nagara, Shivamogga, Karnataka",13.945395,75.5538712,CAAQMS
"Thimmalapura, Tumakuru, Karnataka",13.6440688,77.1185382,CAAQMS
"Brahmagiri, Udupi, Karnataka",13.3368614,74.7395159,CAAQMS
"Ibrahimpur, Vijayapura, Karnataka",16.8028639,75.726973,CAAQMS
"Collector Office, Yadgir, Karnataka",16.751388,77.1363297,CAAQMS
"Udyogamandal, Eloor, Kerala",10.0737878,76.3014896,CAAQMS
"Kacheripady, Ernakulam, Kerala",9.9882801,76.2812195,CAAQMS
"Thavakkara, Kannur, Kerala",11.8701516,75.3690595,CAAQMS
"Vyttila, Kochi, Kerala",9.968199,76.3182346,CAAQMS
"Polayathode, Kollam, Kerala",8.8787049,76.6073332,CAAQMS
"Palayam, Kozhikode, Kerala",11.2488252,75.7838995,CAAQMS
"Kariavattom, Thiruvananthapuram, Kerala",8.5678435,76.8908318,CAAQMS
"Plammoodu, Thiruvananthapuram, Kerala",8.5140567,76.9477422,CAAQMS
"Corporation Ground, Thrissur, Kerala",10.5219736,76.2412132,CAAQMS
"Paryavaran Parisar, Bhopal, Madhya Pradesh",23.2109341,77.4260968,CAAQMS
"T T Nagar, Bhopal, Madhya Pradesh",23.2357524,77.3986471,CAAQMS
"Shrivastav Colony, Damoh, Madhya Pradesh",23.8184923,79.4338188,CAAQMS
"Bhopal Chauraha, Dewas, Madhya Pradesh",22.9687824,76.0635763,CAAQMS
"City Center, Gwalior, Madhya Pradesh",26.2035227,78.1920664,CAAQMS
"Deen Dayal Nagar, Gwalior, Madhya Pradesh",26.2673692,78.2077368,CAAQMS
"Maharaj Bada, Gwalior, Madhya Pradesh",26.1994671,78.1489933,CAAQMS
"Phool Bagh, Gwalior, Madhya Pradesh",26.2103607,78.1692689,CAAQMS
"Chhoti Gwaltoli, Indore, Madhya Pradesh",22.7152096,75.8700466,CAAQMS
"Marhatal, Jabalpur, Madhya Pradesh",23.1670639,79.9339608,CAAQMS
"Gole Bazar, Katni, Madhya Pradesh",23.8327424,80.3978186,CAAQMS
"Sahilara, Maihar, Madhya Pradesh",24.2609738,80.7186697,CAAQMS
"Sector D Industrial Area, Mandideep, Madhya Pradesh",23.0992796,77.5114731,CAAQMS
"Sector 2 Industrial Area, Pithampur, Madhya Pradesh",22.611121,75.6772689,CAAQMS
"Shasthri Nagar, Ratlam, Madhya Pradesh",23.3312468,75.0432032,CAAQMS
"Civil Lines, Sagar, Madhya Pradesh",23.8396387,78.7564173,CAAQMS
"Deen Dayal Nagar, Sagar, Madhya Pradesh",23.8641966,78.806407,CAAQMS
"Bandhavgar Colony, Satna, Madhya Pradesh",24.5798734,80.8557684,CAAQMS
"Suryakiran Bhawan NCL, Singrauli, Madhya Pradesh",24.1079747,82.6454746,CAAQMS
"Mahakaleshwar Temple, Ujjain, Madhya Pradesh",23.1827177,75.7682178,CAAQMS
"More Chowk Waluj, Aurangabad, Maharashtra",19.8406027,75.2466299,CAAQMS
"Chauhan Colony, Chandrapur, Maharashtra",19.9631974,79.3028933,CAAQMS
"MIDC Khutala, Chandrapur, Maharashtra",19.9756764,79.2422956,CAAQMS
"Khadakpada, Kalyan, Maharashtra",19.2592249,73.1279269,CAAQMS
"Bandra Kurla Complex, Mumbai, Maharashtra",19.0687893,72.8702647,CAAQMS
"Bandra, Mumbai, Maharashtra",19.0595596,72.8295287,CAAQMS
"Borivali East, Mumbai, Maharashtra",19.2297814,72.8608559,CAAQMS
"Borivali East, Mumbai, Maharashtra",19.2297814,72.8608559,CAAQMS
"Chakala Andheri East, Mumbai, Maharashtra",19.1097712,72.8582672,CAAQMS
"Chhatrapati Shivaji Intl. Airport (T2), Mumbai, Maharashtra",19.0974373,72.8745017,CAAQMS
"Colaba, Mumbai, Maharashtra",18.9067031,72.8147123,CAAQMS
"Deonar, Mumbai, Maharashtra",19.0447048,72.9102511,CAAQMS
"Kandivali East, Mumbai, Maharashtra",19.2004765,72.8736892,CAAQMS
"Khindipada Bhandup West, Mumbai, Maharashtra",19.1599078,72.9239095,CAAQMS
"Kurla, Mumbai, Maharashtra",19.0726295,72.8844721,CAAQMS
"Malad West, Mumbai, Maharashtra",19.1889541,72.835543,CAAQMS
"Mazgaon, Mumbai, Maharashtra",18.9644251,72.8421341,CAAQMS
"Mulund West, Mumbai, Maharashtra",19.1725542,72.942537,CAAQMS
"Navy Nagar Colaba, Mumbai, Maharashtra",18.8979567,72.8131432,CAAQMS
"Powai, Mumbai, Maharashtra",19.1175993,72.9059747,CAAQMS
"Siddharth Nagar Worli, Mumbai, Maharashtra",18.9978358,72.8138818,CAAQMS
"Sion, Mumbai, Maharashtra",19.0390214,72.8618952,CAAQMS
"Vasai West, Mumbai, Maharashtra",19.3664631,72.8155136,CAAQMS
"Vile Parle West, Mumbai, Maharashtra",19.1071283,72.8367535,CAAQMS
"Worli, Mumbai, Maharashtra",18.9986406,72.8173599,CAAQMS
"Opp GPO Civil Lines, Nagpur, Maharashtra",21.153277,79.069518,CAAQMS
"Gangapur Road, Nashik, Maharashtra",20.0235035,73.7232393,CAAQMS
"Airoli, Navi Mumbai, Maharashtra",19.159014,72.9985686,CAAQMS
"Mahape, Navi Mumbai, Maharashtra",19.1182937,73.0275875,CAAQMS
"Nerul, Navi Mumbai, Maharashtra",19.0338457,73.0195871,CAAQMS
"Sector 19A Nerul, Navi Mumbai, Maharashtra",19.0280168,73.0265071,CAAQMS
"Alandi, Pune, Maharashtra",18.6782865,73.8950336,CAAQMS
"Bhosari, Pune, Maharashtra",18.6320627,73.8467978,CAAQMS
"Hadapsar, Pune, Maharashtra",18.508934,73.9259102,CAAQMS
"Karve Road, Pune, Maharashtra",18.5033095,73.8197888,CAAQMS
"MIT Kothrud, Pune, Maharashtra",18.5177542,73.8148826,CAAQMS
"Mhada Colony, Pune, Maharashtra",18.5734634,73.9109977,CAAQMS
"Revenue Colony Shivajinagar, Pune, Maharashtra",18.5282786,73.8470523,CAAQMS
"Transport Nagar Nigdi, Pune, Maharashtra",18.6642824,73.7639658,CAAQMS
"Solapur, Solapur, Maharashtra",17.6599188,75.9063906,CAAQMS
"Pimpleshwar Mandir, Thane, Maharashtra",19.1935956,73.094476,CAAQMS
"DM College of Science, Imphal, Manipur",24.8216168,93.9429582,CAAQMS
"Manipur University, Imphal, Manipur",24.7522876,93.9280425,CAAQMS
"JN Stadium, Shillong, Meghalaya",25.5801,91.8940855,CAAQMS
"Lumpyngngad, Shillong, Meghalaya",25.5585941,91.8984865,CAAQMS
"Sikulpuikawn, Aizawl, Mizoram",23.7173952,92.7181174,CAAQMS
"PWD Juction, Kohima, Nagaland",25.661356,94.1022537,CAAQMS
"Meher Colony, Baripada, Odisha",21.9421833,86.7278059,CAAQMS
"Tata Township, Bileipada, Odisha",21.8635241,84.9850045,CAAQMS
"GM Office, Brajrajnagar, Odisha",21.8546923,83.9247995,CAAQMS
"Jagamohanpur, Keonjhar, Odisha",21.6401325,85.6017215,CAAQMS
"Dabuna, Nayagarh, Odisha",20.1231332,85.1038426,CAAQMS
"Divisional Forest Office, Rairangpur, Odisha",22.2648068,86.1744343,CAAQMS
"Raghunathpali, Rourkela, Odisha",22.2244658,84.8185258,CAAQMS
"OMC Colony, Suakati, Odisha",21.6049459,85.5090787,CAAQMS
"Talcher Coalfields,Talcher, Odisha",20.9501027,85.216816,CAAQMS
"Barsua Iron Ore Mines, Tensa, Odisha",21.8696568,85.1817473,CAAQMS
"Jawahar Nagar, Puducherry, Puducherry",11.9306033,79.8027077,CAAQMS
"Golden Temple, Amritsar, Punjab",31.6199803,74.8764849,CAAQMS
"Hardev Nagar, Bathinda, Punjab",30.2420588,74.9175889,CAAQMS
"Civil Line, Jalandhar, Punjab",31.3208006,75.5793401,CAAQMS
"Kalal Majra, Khanna, Punjab",30.7409308,76.2049712,CAAQMS
"Punjab Agricultural University, Ludhiana, Punjab",30.9041,75.8065531,CAAQMS
"RIMT University, Mandi Gobindgarh, Punjab",30.6510104,76.329252,CAAQMS
"Model Town, Patiala, Punjab",30.3448377,76.3708347,CAAQMS
"Ratanpura, Rupnagar Ambuja Cements,Punjab",30.9658132,76.5229511,CAAQMS
"Civil Lines, Ajmer, Rajasthan",26.4726871,74.6415071,CAAQMS
"Moti Doongri, Alwar, Rajasthan",27.5515817,76.6080554,CAAQMS
"RIICO Ind. Area III, Bhiwadi, Rajasthan",28.2070892,76.857682,CAAQMS
"Adarsh Nagar, Jaipur, Rajasthan",26.9018769,75.8271749,CAAQMS
"Police Commissionerate, Jaipur, Rajasthan",26.9163897,75.8017169,CAAQMS
"Shastri Nagar, Jaipur, Rajasthan",26.9503102,75.8009833,CAAQMS
"Collectorate, Jodhpur, Rajasthan",26.2918067,73.0366998,CAAQMS
"Shrinath Puram, Kota, Rajasthan",25.136387,75.8246657,CAAQMS
"Indira Colony Vistar, Pali, Rajasthan",25.7731026,73.3502377,CAAQMS
"Ashok Nagar, Udaipur, Rajasthan",24.5886328,73.7021801,CAAQMS
"Zero Point GICI, Gangtok, Sikkim",27.327967,88.613776,CAAQMS
"Crescent University, Chengalpattu, Tamil Nadu",12.8753945,80.0837794,CAAQMS
"Alandur Bus Depot, Chennai, Tamil Nadu",13.0036192,80.201928,CAAQMS
"Arumbakkam, Chennai, Tamil Nadu",13.0724233,80.2101773,CAAQMS
"Gandhi Nagar_Ennore, Chennai, Tamil Nadu",13.2176643,80.3209625,CAAQMS
"Kodungaiyur, Chennai, Tamil Nadu",13.1374551,80.2478495,CAAQMS
"Manali Village, Chennai, Tamil Nadu",13.1779289,80.2700737,CAAQMS
"Manali, Chennai, Tamil Nadu",13.1779289,80.2700737,CAAQMS
"Perungudi, Chennai, Tamil Nadu",12.9653652,80.2461057,CAAQMS
"Royapuram, Chennai, Tamil Nadu",13.1137008,80.2954115,CAAQMS
"Velachery Residential Area, Chennai, Tamil Nadu",12.9815179,80.2179755,CAAQMS
"PSG College of Arts and Science, Coimbatore, Tamil Nadu",11.0328331,77.0349162,CAAQMS
"SIDCO Kurichi, Coimbatore, Tamil Nadu",10.9438095,76.9772675,CAAQMS
"Mendonsa Colony, Dindigul, Tamil Nadu",10.3576289,77.9838578,CAAQMS
"Anthoni Pillai Nagar, Gummidipoondi, Tamil Nadu",13.4092677,80.1009796,CAAQMS
"SIPCOT Phase 1, Hosur, Tamil Nadu",12.7625268,77.7947236,CAAQMS
"Kilambi, Kanchipuram, Tamil Nadu",12.8650525,79.6714722,CAAQMS
"Bombay Castel, Ooty, Tamil Nadu",11.4058852,76.7120064,CAAQMS
"Chalai Bazaar, Ramanathapuram, Tamil Nadu",9.3662788,78.8340173,CAAQMS
"Sona College of Technology, Salem, Tamil Nadu",11.6781339,78.1244388,CAAQMS
"Meelavittan, Thoothukudi, Tamil Nadu",8.8139002,78.0867474,CAAQMS
"Kumaran College, Tirupur, Tamil Nadu",11.0977937,77.3222146,CAAQMS
"Vasanthapuram, Vellore, Tamil Nadu",12.9137849,79.1301573,CAAQMS
"Bollaram Industrial Area, Hyderabad, Telangana",17.5432727,78.3514088,CAAQMS
"Central University, Hyderabad, Telangana",17.456737,78.3263876,CAAQMS
"ECIL Kapra, Hyderabad, Telangana",17.4639628,78.5788601,CAAQMS
"ICRISAT Patancheru, Hyderabad, Telangana",17.5110595,78.2751939,CAAQMS
"IDA Pashamylaram, Hyderabad, Telangana",17.5324702,78.1849427,CAAQMS
"IITH Kandi, Hyderabad, Telangana",17.5947027,78.1230401,CAAQMS
"Kokapet, Hyderabad, Telangana",17.3968106,78.3347961,CAAQMS
"Kompally Municipal Office, Hyderabad, Telangana",17.5445442,78.4888327,CAAQMS
"Nacharam_TSIIC IALA, Hyderabad, Telangana",17.4261564,78.5615389,CAAQMS
"New Malakpet, Hyderabad, Telangana",17.367174,78.5135902,CAAQMS
"Ramachandrapuram, Hyderabad, Telangana",17.4742137,78.2817834,CAAQMS
"Sanathnagar, Hyderabad, Telangana",17.4562544,78.4439295,CAAQMS
"Somajiguda, Hyderabad, Telangana",17.4237128,78.4584013,CAAQMS
"Zoo Park, Hyderabad, Telangana",17.3483047,78.4425108,CAAQMS
"Bardowali, Agartala, Tripura",23.8219021,91.275674,CAAQMS
"Kunjaban, Agartala, Tripura",23.8635079,91.2903074,CAAQMS
"Manoharpur, Agra, Uttar Pradesh",27.2344638,78.0266735,CAAQMS
"Rohta, Agra, Uttar Pradesh",27.1092929,78.0024134,CAAQMS
"Sanjay Palace, Agra, Uttar Pradesh",27.1986569,78.0059814,CAAQMS
"Sector,Uttar Pradesh",27.5705886,80.0981869,CAAQMS
"Shahjahan Garden, Agra, Uttar Pradesh",27.1747896,78.0251692,CAAQMS
"Shastripuram, Agra, Uttar Pradesh",27.20397,77.9253155,CAAQMS
"New Collectorate, Baghpat, Uttar Pradesh",28.9427827,77.227607,CAAQMS
"Sardar Patel Inter College, Baghpat, Uttar Pradesh",28.9427827,77.227607,CAAQMS
"Civil Lines, Bareilly, Uttar Pradesh",28.3349422,79.4339003,CAAQMS
"Rajendra Nagar, Bareilly, Uttar Pradesh",28.3872102,79.4261906,CAAQMS
"Yamunapuram, Bulandshahr, Uttar Pradesh",28.4088401,77.8295809,CAAQMS
"Nagla Bhau, Firozabad, Uttar Pradesh",27.1679708,78.3751147,CAAQMS
"Vibhab Nagar, Firozabad, Uttar Pradesh",27.1640151,78.3913328,CAAQMS
"Indirapuram, Ghaziabad, Uttar Pradesh",28.6460176,77.3695166,CAAQMS
"Loni, Ghaziabad, Uttar Pradesh",28.7333526,77.2986264,CAAQMS
"Sanjay Nagar, Ghaziabad, Uttar Pradesh",28.6939957,77.4549679,CAAQMS
"Vasundhara, Ghaziabad, Uttar Pradesh",28.6623758,77.37344,CAAQMS
"Madan Mohan Malaviya University of Technology, Gorakhpur, Uttar Pradesh",26.7314295,83.4331276,CAAQMS
"Knowledge Park III, Greater Noida, Uttar Pradesh",28.478481,77.4814103,CAAQMS
"Knowledge Park V, Greater Noida, Uttar Pradesh",28.5508777,77.4708851,CAAQMS
"Anand Vihar, Hapur, Uttar Pradesh",28.7222506,77.7537913,CAAQMS
"Shivaji Nagar, Jhansi, Uttar Pradesh",25.4504122,78.594297,CAAQMS
"FTI Kidwai Nagar, Kanpur, Uttar Pradesh",26.4284187,80.3282175,CAAQMS
"IITK, Kanpur, Uttar Pradesh",26.449923,80.3318736,CAAQMS
"NSI Kalyanpur, Kanpur, Uttar Pradesh",26.5068262,80.251966,CAAQMS
"Nehru Nagar, Kanpur, Uttar Pradesh",26.4715909,80.3237548,CAAQMS
"Kalindi Kunj, Khurja, Uttar Pradesh",28.2360265,77.8686097,CAAQMS
"B R Ambedkar University, Lucknow, Uttar Pradesh",26.764161,80.9294641,CAAQMS
"Gomti Nagar, Lucknow, Uttar Pradesh",26.8496217,81.0072193,CAAQMS
"Kendriya Vidyalaya, Lucknow, Uttar Pradesh",26.8466937,80.946166,CAAQMS
"Kukrail Picnic Spot 1, Lucknow, Uttar Pradesh",26.9065183,80.9838959,CAAQMS
"Lalbagh, Lucknow, Uttar Pradesh",26.8459624,80.9415089,CAAQMS
"Nishant Ganj, Lucknow, Uttar Pradesh",26.8319568,80.8996874,CAAQMS
"Talkatora District Industries Center, Lucknow, Uttar Pradesh",26.8415948,80.9422923,CAAQMS
"Ganga Nagar, Meerut, Uttar Pradesh",29.0009035,77.7599208,CAAQMS
"Jai Bhim Nagar, Meerut, Uttar Pradesh",28.9579131,77.7595131,CAAQMS
"Pallavpuram Phase 2, Meerut, Uttar Pradesh",29.0641002,77.7151616,CAAQMS
"Buddhi Vihar, Moradabad, Uttar Pradesh",28.8320769,78.7221251,CAAQMS
"Eco Herbal Park, Moradabad, Uttar Pradesh",28.8412553,78.6966886,CAAQMS
"Employment Office, Moradabad, Uttar Pradesh",28.8853105,78.7387581,CAAQMS
"Jigar Colony, Moradabad, Uttar Pradesh",28.8552539,78.7709978,CAAQMS
"Kashiram Nagar, Moradabad, Uttar Pradesh",28.8507769,78.7433698,CAAQMS
"Lajpat Nagar, Moradabad, Uttar Pradesh",28.8253591,78.7830383,CAAQMS
"Transport Nagar, Moradabad, Uttar Pradesh",28.797819,78.7632061,CAAQMS
"New Mandi, Muzaffarnagar, Uttar Pradesh",29.4676905,77.7115687,CAAQMS
"Sector 125, Noida, Uttar Pradesh",28.5437925,77.3310067,CAAQMS
"Sector 62, Noida, Uttar Pradesh",28.627981,77.3648567,CAAQMS
"Sector 1, Noida, Uttar Pradesh",28.5900173,77.3116215,CAAQMS
"Sector 116, Noida, Uttar Pradesh",28.567225,77.3970354,CAAQMS
"Jhunsi, Prayagraj, Uttar Pradesh",25.4290183,81.9139692,CAAQMS
"Motilal Nehru NIT, Prayagraj, Uttar Pradesh",25.4239934,81.8112481,CAAQMS
"Nagar Nigam, Prayagraj, Uttar Pradesh",25.4491339,81.8273517,CAAQMS
"Ardhali Bazar, Varanasi, Uttar Pradesh",25.3476918,82.9808861,CAAQMS
"Bhelupur, Varanasi, Uttar Pradesh",25.3016276,82.9962631,CAAQMS
"IESD Banaras Hindu University, Varanasi, Uttar Pradesh",25.2677203,82.9912582,CAAQMS
"Maldahiya, Varanasi, Uttar Pradesh",25.325495,82.9951758,CAAQMS
"Omex Eternity, Vrindavan, Uttar Pradesh",27.5761332,77.651225,CAAQMS
"Doon University, Dehradun, Uttarakhand",30.2690156,78.0442659,CAAQMS
"Asansol Court Area, Asansol, West Bengal",23.6871984,86.9461361,CAAQMS
"Sidhu Kanhu Indoor Stadium, Durgapur, West Bengal",23.5404375,87.2914219,CAAQMS
"Haldia, Haldia, West Bengal",22.0627164,88.0832934,CAAQMS
"Belur Math, Howrah, West Bengal",22.6263806,88.3555025,CAAQMS
"Ghusuri, Howrah, West Bengal",22.6114858,88.3540145,CAAQMS
"Padmapukur, Howrah, West Bengal",22.5707053,88.3008448,CAAQMS
"Ballygunge, Kolkata, West Bengal",22.5280352,88.3659083,CAAQMS
"Bidhannagar, Kolkata, West Bengal",22.5796842,88.414312,CAAQMS
"Fort William, Kolkata, West Bengal",22.5546875,88.3360765,CAAQMS
"Jadavpur, Kolkata, West Bengal",22.4954988,88.3709008,CAAQMS
"Rabindra Bharati University, Kolkata, West Bengal",22.5844542,88.3593841,CAAQMS
"Rabindra Sarobar, Kolkata, West Bengal",22.5121451,88.3636952,CAAQMS
"Victoria, Kolkata, West Bengal",22.5448082,88.3425578,CAAQMS
"Ward 32 Bapupara, Siliguri, West Bengal",26.6922399,88.4158141,CAAQMS
"Brookshabd, Andaman & Nicobar",10.7448873,92.4999918,Manual
"Port Blair, Andaman & Nicobar",11.6233774,92.7264828,Manual
"Anatapur, Andhra Pradesh",14.6818877,77.6005911,Manual
"Anatapur, Andhra Pradesh",14.6818877,77.6005911,Manual
"Anatapur, Andhra Pradesh",14.6818877,77.6005911,Manual
"Anatapur, Andhra Pradesh",14.6818877,77.6005911,Manual
"Chittor, Andhra Pradesh",13.217176,79.1003289,Manual
"Chittor, Andhra Pradesh",13.217176,79.1003289,Manual
"Chittor, Andhra Pradesh",13.217176,79.1003289,Manual
"Chittor, Andhra Pradesh",13.217176,79.1003289,Manual
"Chittor, Andhra Pradesh",13.217176,79.1003289,Manual
"Eluru, Andhra Pradesh",16.7106604,81.0952431,Manual
"Eluru, Andhra Pradesh",16.7106604,81.0952431,Manual
"Eluru, Andhra Pradesh",16.7106604,81.0952431,Manual
"Eluru, Andhra Pradesh",16.7106604,81.0952431,Manual
"Guntur, Andhra Pradesh",16.3066525,80.4365402,Manual
"Guntur, Andhra Pradesh",16.3066525,80.4365402,Manual
"Guntur, Andhra Pradesh",16.3066525,80.4365402,Manual
"Guntur, Andhra Pradesh",16.3066525,80.4365402,Manual
"Kadapa, Andhra Pradesh",14.4673154,78.8242089,Manual
"Kadapa, Andhra Pradesh",14.4673154,78.8242089,Manual
"Kadapa, Andhra Pradesh",14.4673154,78.8242089,Manual
"Kadapa, Andhra Pradesh",14.4673154,78.8242089,Manual
"Kadapa, Andhra Pradesh",14.4673154,78.8242089,Manual
"Kakinada, Andhra Pradesh",16.9890648,82.2474648,Manual
"Kakinada, Andhra Pradesh",16.9890648,82.2474648,Manual
"Kakinada, Andhra Pradesh",16.9890648,82.2474648,Manual
"Kakinada, Andhra Pradesh",16.9890648,82.2474648,Manual
"Kurnool, Andhra Pradesh",15.8281257,78.0372792,Manual
"Kurnool, Andhra Pradesh",15.8281257,78.0372792,Manual
"Kurnool, Andhra Pradesh",15.8281257,78.0372792,Manual
"Kurnool, Andhra Pradesh",15.8281257,78.0372792,Manual
"Nellore, Andhra Pradesh",14.4425987,79.986456,Manual
"Nellore, Andhra Pradesh",14.4425987,79.986456,Manual
"Nellore, Andhra Pradesh",14.4425987,79.986456,Manual
"Nellore, Andhra Pradesh",14.4425987,79.986456,Manual
"Ongole, Andhra Pradesh",15.5057232,80.049922,Manual
"Ongole, Andhra Pradesh",15.5057232,80.049922,Manual
"Ongole, Andhra Pradesh",15.5057232,80.049922,Manual
"Ongole, Andhra Pradesh",15.5057232,80.049922,Manual
"Rajahmundry, Andhra Pradesh",17.0005383,81.8040345,Manual
"Rajahmundry, Andhra Pradesh",17.0005383,81.8040345,Manual
"Rajahmundry, Andhra Pradesh",17.0005383,81.8040345,Manual
"Rajahmundry, Andhra Pradesh",17.0005383,81.8040345,Manual
"Srikakulam, Andhra Pradesh",18.2949165,83.8938018,Manual
"Srikakulam, Andhra Pradesh",18.2949165,83.8938018,Manual
"Srikakulam, Andhra Pradesh",18.2949165,83.8938018,Manual
"Srikakulam, Andhra Pradesh",18.2949165,83.8938018,Manual
"Tirupati, Andhra Pradesh",13.6287557,79.4191795,Manual
"Tirupati, Andhra Pradesh",13.6287557,79.4191795,Manual
"Tirupati, Andhra Pradesh",13.6287557,79.4191795,Manual
"Tirupati, Andhra Pradesh",13.6287557,79.4191795,Manual
"Vijayawada, Andhra Pradesh",16.5061743,80.6480153,Manual
"Vijayawada, Andhra Pradesh",16.5061743,80.6480153,Manual
"Vijayawada, Andhra Pradesh",16.5061743,80.6480153,Manual
"Vijayawada, Andhra Pradesh",16.5061743,80.6480153,Manual
"Vijayawada, Andhra Pradesh",16.5061743,80.6480153,Manual
"Vijayawada, Andhra Pradesh",16.5061743,80.6480153,Manual
"Vijayawada, Andhra Pradesh",16.5061743,80.6480153,Manual
"Vijayawada, Andhra Pradesh",16.5061743,80.6480153,Manual
"Vijayawada, Andhra Pradesh",16.5061743,80.6480153,Manual
"Visakhapatnam, Andhra Pradesh",17.6868159,83.2184815,Manual
"Visakhapatnam, Andhra Pradesh",17.6868159,83.2184815,Manual
"Visakhapatnam, Andhra Pradesh",17.6868159,83.2184815,Manual
"Visakhapatnam, Andhra Pradesh",17.6868159,83.2184815,Manual
"Visakhapatnam, Andhra Pradesh",17.6868159,83.2184815,Manual
"Visakhapatnam, Andhra Pradesh",17.6868159,83.2184815,Manual
"Visakhapatnam, Andhra Pradesh",17.6868159,83.2184815,Manual
"Visakhapatnam, Andhra Pradesh",17.6868159,83.2184815,Manual
"Visakhapatnam, Andhra Pradesh",17.6868159,83.2184815,Manual
"Vizianagaram, Andhra Pradesh",18.1066576,83.3955506,Manual
"Vizianagaram, Andhra Pradesh",18.1066576,83.3955506,Manual
"Vizianagaram, Andhra Pradesh",18.1066576,83.3955506,Manual
"Vizianagaram, Andhra Pradesh",18.1066576,83.3955506,Manual
"Itanagar, Arunachal Pradesh",27.0843682,93.6053163,Manual
"Naharlagun, Arunachal Pradesh",27.1086309,93.6983979,Manual
"Bongaigaon, Assam",26.5030072,90.5535724,Manual
"Bongaigaon, Assam",26.5030072,90.5535724,Manual
"Daranga, Assam",26.785101,91.514481,Manual
"Dibrugarh, Assam",27.4705449,94.9124625,Manual
"Golaghat, Assam",26.5238515,93.962337,Manual
"Guwahati, Assam",26.1157917,91.7085933,Manual
"Guwahati, Assam",26.1157917,91.7085933,Manual
"Guwahati, Assam",26.1157917,91.7085933,Manual
"Guwahati, Assam",26.1157917,91.7085933,Manual
"Guwahati, Assam",26.1157917,91.7085933,Manual
"Guwahati, Assam",26.1157917,91.7085933,Manual
"Guwahati, Assam",26.1157917,91.7085933,Manual
"Guwahati, Assam",26.1157917,91.7085933,Manual
"Magherita, Assam",27.2910662,95.6694606,Manual
"Nagaon, Assam",26.348009,92.6838111,Manual
"Nagaon, Assam",26.348009,92.6838111,Manual
"Nagaon, Assam",26.348009,92.6838111,Manual
"Nalbari, Assam",26.4446185,91.4410527,Manual
"Nalbari, Assam",26.4446185,91.4410527,Manual
"Nalbari, Assam",26.4446185,91.4410527,Manual
"North Lakhimpur, Assam",27.2253189,94.1053307,Manual
"Silcher, Assam",24.8332708,92.7789054,Manual
"Silcher, Assam",24.8332708,92.7789054,Manual
"Silcher, Assam",24.8332708,92.7789054,Manual
"Sivasagar, Assam",26.9826098,94.6424521,Manual
"Sivasagar, Assam",26.9826098,94.6424521,Manual
"Sivasagar, Assam",26.9826098,94.6424521,Manual
"Tezpur, Assam",26.6528495,92.7925592,Manual
"Tinsukia, Assam",27.4885539,95.355758,Manual
"Tinsukia, Assam",27.4885539,95.355758,Manual
"Tinsukia, Assam",27.4885539,95.355758,Manual
"Begusarai, Bihar",25.4181638,86.1271542,Manual
"Darbhanga, Bihar",26.1542045,85.8918454,Manual
"Gaya, Bihar",24.7913957,85.0002336,Manual
"Muzaffarpur, Bihar",26.1196607,85.390982,Manual
"Patna, Bihar",25.5940947,85.1375645,Manual
"Patna, Bihar",25.5940947,85.1375645,Manual
"Rajgir, Bihar",25.0172573,85.4161642,Manual
"Sasaram, Bihar",24.9538803,84.0142866,Manual
"Chandigarh, Chandigarh",30.7333148,76.7794179,Manual
"Chandigarh, Chandigarh",30.7333148,76.7794179,Manual
"Chandigarh, Chandigarh",30.7333148,76.7794179,Manual
"Chandigarh, Chandigarh",30.7333148,76.7794179,Manual
"Chandigarh, Chandigarh",30.7333148,76.7794179,Manual
"Bilaspur, Chattisgarh",22.0796545,82.1409152,Manual
"Durg-Bhillainagar, Chattisgarh",21.1904494,81.2849169,Manual
"Durg-Bhillainagar, Chattisgarh",21.1904494,81.2849169,Manual
"Durg-Bhillainagar, Chattisgarh",21.1904494,81.2849169,Manual
"Durg-Bhillainagar, Chattisgarh",21.1904494,81.2849169,Manual
"Korba, Chattisgarh",22.3594501,82.7500595,Manual
"Korba, Chattisgarh",22.3594501,82.7500595,Manual
"Korba, Chattisgarh",22.3594501,82.7500595,Manual
"Raigarh, Chattisgarh",21.8974003,83.3949632,Manual
"Raigarh, Chattisgarh",21.8974003,83.3949632,Manual
"Raigarh, Chattisgarh",21.8974003,83.3949632,Manual
"Raipur, Chattisgarh",21.2513844,81.6296413,Manual
"Raipur, Chattisgarh",21.2513844,81.6296413,Manual
"Raipur, Chattisgarh",21.2513844,81.6296413,Manual
"Raipur, Chattisgarh",21.2513844,81.6296413,Manual
"Raipur, Chattisgarh",21.2513844,81.6296413,Manual
"Raipur, Chattisgarh",21.2513844,81.6296413,Manual
"Baldevi , Dadara & Nagar Haveli and Daman & Diu",20.2630885,73.0249434,Manual
"Daman, Dadara & Nagar Haveli and Daman & Diu",20.3973736,72.8327991,Manual
"Daman, Dadara & Nagar Haveli and Daman & Diu",20.3973736,72.8327991,Manual
"Patlara , Dadara & Nagar Haveli and Daman & Diu",20.4000665,72.8456399,Manual
"Silvasa, Dadara & Nagar Haveli and Daman & Diu",20.2753406,73.0072986,Manual
"Silvasa, Dadara & Nagar Haveli and Daman & Diu",20.2753406,73.0072986,Manual
"Delhi, Delhi",28.7040592,77.1024902,Manual
"Delhi, Delhi",28.7040592,77.1024902,Manual
"Delhi, Delhi",28.7040592,77.1024902,Manual
"Delhi, Delhi",28.7040592,77.1024902,Manual
"Delhi, Delhi",28.7040592,77.1024902,Manual
"Delhi, Delhi",28.7040592,77.1024902,Manual
"Delhi, Delhi",28.7040592,77.1024902,Manual
"Delhi, Delhi",28.7040592,77.1024902,Manual
"Delhi, Delhi",28.7040592,77.1024902,Manual
"Delhi, Delhi",28.7040592,77.1024902,Manual
"Amona, Goa",15.5329311,73.977126,Manual
"Assanora, Goa",15.6208378,73.8977693,Manual
"Bicholim, Goa",15.5889192,73.9653715,Manual
"Codli, Goa",15.3569925,74.1357407,Manual
"Cuncolim, Goa",15.1741647,73.9828327,Manual
"Curchorem, Goa",15.2416857,74.1122506,Manual
"Honda, Goa",15.5508321,74.046169,Manual
"Kundaim, Goa",15.4874553,73.977126,Manual
"Mapusa, Goa",15.5937116,73.8142237,Manual
"Margao, Goa",15.2832187,73.986191,Manual
"Marmagao, Goa",15.3889087,73.8165668,Manual
"Panaji, Goa",15.4909301,73.8278496,Manual
"Ponda, Goa",15.4027005,74.0077849,Manual
"Sanguem, Goa",15.2302413,74.1504204,Manual
"Tilamol, Goa",15.2199065,74.0858207,Manual
"Tuem, Goa",15.6592532,73.8036752,Manual
"Usgao-Pale, Goa",15.3642744,73.88601,Manual
"Vasco, Goa",15.3981945,73.8113251,Manual
"Ahmedabad, Gujarat",23.022505,72.5713621,Manual
"Ahmedabad, Gujarat",23.022505,72.5713621,Manual
"Ahmedabad, Gujarat",23.022505,72.5713621,Manual
"Ahmedabad, Gujarat",23.022505,72.5713621,Manual
"Ahmedabad, Gujarat",23.022505,72.5713621,Manual
"Ahmedabad, Gujarat",23.022505,72.5713621,Manual
"Ahmedabad, Gujarat",23.022505,72.5713621,Manual
"Ahmedabad, Gujarat",23.022505,72.5713621,Manual
"Ahmedabad, Gujarat",23.022505,72.5713621,Manual
"Ankleshwar, Gujarat",21.6264236,73.0151984,Manual
"Ankleshwar, Gujarat",21.6264236,73.0151984,Manual
"Jamnagar, Gujarat",22.4707019,70.05773,Manual
"Rajkot, Gujarat",22.3038945,70.8021599,Manual
"Rajkot, Gujarat",22.3038945,70.8021599,Manual
"Surat, Gujarat",21.1702401,72.8310607,Manual
"Surat, Gujarat",21.1702401,72.8310607,Manual
"Surat, Gujarat",21.1702401,72.8310607,Manual
"Vadodara, Gujarat",22.3071588,73.1812187,Manual
"Vadodara, Gujarat",22.3071588,73.1812187,Manual
"Vadodara, Gujarat",22.3071588,73.1812187,Manual
"Vadodara, Gujarat",22.3071588,73.1812187,Manual
"Vadodara, Gujarat",22.3071588,73.1812187,Manual
"Vapi, Gujarat",20.3893155,72.9106202,Manual
"Vapi, Gujarat",20.3893155,72.9106202,Manual
"Faridabad, Haryana",28.4089123,77.3177894,Manual
"Faridabad, Haryana",28.4089123,77.3177894,Manual
"Hissar, Haryana",29.1491875,75.7216527,Manual
"Hissar, Haryana",29.1491875,75.7216527,Manual
"Yamuna Nagar, Haryana",30.1290485,77.2673901,Manual
"Baddi, Himachal Pradesh",30.9578258,76.7913558,Manual
"Baddi, Himachal Pradesh",30.9578258,76.7913558,Manual
"Baddi, Himachal Pradesh",30.9578258,76.7913558,Manual
"Damtal, Himachal Pradesh",32.2257526,75.660084,Manual
"Damtal, Himachal Pradesh",32.2257526,75.660084,Manual
"Dharamshala, Himachal Pradesh",32.219042,76.3234037,Manual
"Dharamshala, Himachal Pradesh",32.219042,76.3234037,Manual
"Gulaba, Himachal Pradesh",32.1024076,77.5619419,Manual
"Kala Amb, Himachal Pradesh",30.4992306,77.2070259,Manual
"Kala Amb, Himachal Pradesh",30.4992306,77.2070259,Manual
"Manali, Himachal Pradesh",32.2431872,77.1891761,Manual
"Manali, Himachal Pradesh",32.2431872,77.1891761,Manual
"Marhi, Himachal Pradesh",32.3488843,77.2182409,Manual
"Nalagarh, Himachal Pradesh",31.0460685,76.7025709,Manual
"Parwanoo, Himachal Pradesh",30.8405752,76.9583881,Manual
"Parwanoo, Himachal Pradesh",30.8405752,76.9583881,Manual
"Poanta Sahib, Himachal Pradesh",30.445283,77.6020569,Manual
"Poanta Sahib, Himachal Pradesh",30.445283,77.6020569,Manual
"Shimla, Himachal Pradesh",31.1048145,77.1734033,Manual
"Shimla, Himachal Pradesh",31.1048145,77.1734033,Manual
"Sunder Nagar, Himachal Pradesh",31.5299004,76.888941,Manual
"Sunder Nagar, Himachal Pradesh",31.5299004,76.888941,Manual
"Una, Himachal Pradesh",31.4684649,76.2708152,Manual
"Una, Himachal Pradesh",31.4684649,76.2708152,Manual
"Vashisht, Himachal Pradesh",32.2810061,77.2290193,Manual
"Anantnag , Jammu & Kashmir",33.7311255,75.1487007,Manual
"Bandipora , Jammu & Kashmir",34.5052269,74.6868815,Manual
"Baramulla , Jammu & Kashmir",34.1990498,74.3499496,Manual
"Baramulla , Jammu & Kashmir",34.1990498,74.3499496,Manual
"Budgam , Jammu & Kashmir",33.9348549,74.6400432,Manual
"Doda , Jammu & Kashmir",33.1457497,75.5480491,Manual
"Ganderbal , Jammu & Kashmir",34.2164955,74.7719431,Manual
"Jammu, Jammu & Kashmir",32.7266016,74.8570259,Manual
"Jammu, Jammu & Kashmir",32.7266016,74.8570259,Manual
"Jammu, Jammu & Kashmir",32.7266016,74.8570259,Manual
"Jammu, Jammu & Kashmir",32.7266016,74.8570259,Manual
"Jammu, Jammu & Kashmir",32.7266016,74.8570259,Manual
"Jammu, Jammu & Kashmir",32.7266016,74.8570259,Manual
"Khathua , Jammu & Kashmir",32.3863082,75.5173465,Manual
"Khathua , Jammu & Kashmir",32.3863082,75.5173465,Manual
"Kulgam , Jammu & Kashmir",33.6449908,75.018031,Manual
"Poonch , Jammu & Kashmir",33.7670014,74.0924041,Manual
"Pulwama , Jammu & Kashmir",33.8716117,74.8945692,Manual
"Pulwama , Jammu & Kashmir",33.8716117,74.8945692,Manual
"Rajouri, Jammu & Kashmir",33.3716143,74.315191,Manual
"Rajouri, Jammu & Kashmir",33.3716143,74.315191,Manual
"Ramban , Jammu & Kashmir",33.2463875,75.1938909,Manual
"Reasi , Jammu & Kashmir",33.0803564,74.8364413,Manual
"Samba , Jammu & Kashmir",32.5530092,75.1107527,Manual
"Shopian , Jammu & Kashmir",33.7170033,74.8360918,Manual
"Srinagar , Jammu & Kashmir",34.0836708,74.7972825,Manual
"Srinagar , Jammu & Kashmir",34.0836708,74.7972825,Manual
"Srinagar , Jammu & Kashmir",34.0836708,74.7972825,Manual
"Srinagar , Jammu & Kashmir",34.0836708,74.7972825,Manual
"Srinagar , Jammu & Kashmir",34.0836708,74.7972825,Manual
"Udhampur , Jammu & Kashmir",32.9159847,75.1416173,Manual
"Barajamda, Jharkhand",22.1650471,85.4277925,Manual
"Dhanbad, Jharkhand",23.7956531,86.4303859,Manual
"Dhanbad, Jharkhand",23.7956531,86.4303859,Manual
"Dhanbad, Jharkhand",23.7956531,86.4303859,Manual
"Jamshedpur, Jharkhand",22.8045665,86.2028754,Manual
"Jamshedpur, Jharkhand",22.8045665,86.2028754,Manual
"Jharia, Jharkhand",23.742628,86.4111374,Manual
"Ranchi, Jharkhand",23.3440997,85.309562,Manual
"Saraikela, Jharkhand",22.7023346,85.9278993,Manual
"Sindri, Jharkhand",23.7483096,86.7058637,Manual
"Bagalkote, Karnataka",16.1691096,75.6615029,Manual
"Bangalore, Karnataka",12.9715987,77.5945627,Manual
"Bangalore, Karnataka",12.9715987,77.5945627,Manual
"Bangalore, Karnataka",12.9715987,77.5945627,Manual
"Bangalore, Karnataka",12.9715987,77.5945627,Manual
"Bangalore, Karnataka",12.9715987,77.5945627,Manual
"Bangalore, Karnataka",12.9715987,77.5945627,Manual
"Bangalore, Karnataka",12.9715987,77.5945627,Manual
"Bangalore, Karnataka",12.9715987,77.5945627,Manual
"Bangalore, Karnataka",12.9715987,77.5945627,Manual
"Belgaum, Karnataka",15.8496953,74.4976741,Manual
"Bidar, Karnataka",17.9103939,77.5199079,Manual
"Bijapur , Karnataka",16.8301708,75.710031,Manual
"Chitradurga, Karnataka",14.2250932,76.3980464,Manual
"Devanagere, Karnataka",14.4644085,75.921758,Manual
"Devanagere, Karnataka",14.4644085,75.921758,Manual
"Devanagere, Karnataka",14.4644085,75.921758,Manual
"Gulbarga , Karnataka",17.329731,76.8342957,Manual
"Hassan, Karnataka",13.0033234,76.1003894,Manual
"Hubli-Dharwad, Karnataka",15.3647083,75.1239547,Manual
"Hubli-Dharwad, Karnataka",15.3647083,75.1239547,Manual
"Karwar, Karnataka",14.8184812,74.1416127,Manual
"Kolar, Karnataka",13.1362143,78.1290986,Manual
"Mandya, Karnataka",12.5218157,76.8951488,Manual
"Mangalore, Karnataka",12.9141417,74.8559568,Manual
"Mysore, Karnataka",12.2958104,76.6393805,Manual
"Mysore, Karnataka",12.2958104,76.6393805,Manual
"Raichur, Karnataka",16.216018,77.3565608,Manual
"Shimaga , Karnataka",13.9299299,75.568101,Manual
"Tumkuru, Karnataka",13.3378762,77.117325,Manual
"Alappuzha, Kerala",9.4980667,76.3388484,Manual
"Alappuzha, Kerala",9.4980667,76.3388484,Manual
"Kochi, Kerala",9.9312328,76.2673041,Manual
"Kochi, Kerala",9.9312328,76.2673041,Manual
"Kochi, Kerala",9.9312328,76.2673041,Manual
"Kochi, Kerala",9.9312328,76.2673041,Manual
"Kochi, Kerala",9.9312328,76.2673041,Manual
"Kochi, Kerala",9.9312328,76.2673041,Manual
"Kochi, Kerala",9.9312328,76.2673041,Manual
"Kochi, Kerala",9.9312328,76.2673041,Manual
"Kollam, Kerala",8.8932118,76.6141396,Manual
"Kollam, Kerala",8.8932118,76.6141396,Manual
"Kottayam, Kerala",9.5915668,76.5221531,Manual
"Kottayam, Kerala",9.5915668,76.5221531,Manual
"Kozhikode, Kerala",11.2587531,75.78041,Manual
"Kozhikode, Kerala",11.2587531,75.78041,Manual
"Mallapuram, Kerala",11.1111928,76.1783739,Manual
"Mallapuram, Kerala",11.1111928,76.1783739,Manual
"Palakkad, Kerala",10.7867303,76.6547932,Manual
"Pathanamthitta, Kerala",9.2647582,76.7870414,Manual
"Thiruvalla, Kerala",9.3852725,76.5749856,Manual
"Thiruvanantapuram, Kerala",8.5241391,76.9366376,Manual
"Thiruvanantapuram, Kerala",8.5241391,76.9366376,Manual
"Thiruvanantapuram, Kerala",8.5241391,76.9366376,Manual
"Thiruvanantapuram, Kerala",8.5241391,76.9366376,Manual
"Thrissur, Kerala",10.5276416,76.2144349,Manual
"Thrissur, Kerala",10.5276416,76.2144349,Manual
"Wayanad, Kerala",11.6853575,76.1319953,Manual
"Wayanad, Kerala",11.6853575,76.1319953,Manual
"Kavaratti, Lakshadweep",10.5593204,72.6358134,Manual
"Amlai, Madhya Pradesh",23.1987518,81.5870604,Manual
"Amlai, Madhya Pradesh",23.1987518,81.5870604,Manual
"Bhopal, Madhya Pradesh",23.2599333,77.412615,Manual
"Bhopal, Madhya Pradesh",23.2599333,77.412615,Manual
"Bhopal, Madhya Pradesh",23.2599333,77.412615,Manual
"Bhopal, Madhya Pradesh",23.2599333,77.412615,Manual
"Bhopal, Madhya Pradesh",23.2599333,77.412615,Manual
"Bhopal, Madhya Pradesh",23.2599333,77.412615,Manual
"Bhopal, Madhya Pradesh",23.2599333,77.412615,Manual
"Bhopal, Madhya Pradesh",23.2599333,77.412615,Manual
"Chindwara, Madhya Pradesh",22.057437,78.9381729,Manual
"Chindwara, Madhya Pradesh",22.057437,78.9381729,Manual
"Dewas, Madhya Pradesh",22.9675929,76.0534454,Manual
"Dewas, Madhya Pradesh",22.9675929,76.0534454,Manual
"Dewas, Madhya Pradesh",22.9675929,76.0534454,Manual
"Gwalior, Madhya Pradesh",26.2124007,78.1772053,Manual
"Gwalior, Madhya Pradesh",26.2124007,78.1772053,Manual
"Gwalior, Madhya Pradesh",26.2124007,78.1772053,Manual
"Indore, Madhya Pradesh",22.7195687,75.8577258,Manual
"Indore, Madhya Pradesh",22.7195687,75.8577258,Manual
"Indore, Madhya Pradesh",22.7195687,75.8577258,Manual
"Jabalpur, Madhya Pradesh",23.181467,79.9864071,Manual
"Jabalpur, Madhya Pradesh",23.181467,79.9864071,Manual
"Katni, Madhya Pradesh",23.8343441,80.3893814,Manual
"Katni, Madhya Pradesh",23.8343441,80.3893814,Manual
"Nagda, Madhya Pradesh",23.4561435,75.4226665,Manual
"Nagda, Madhya Pradesh",23.4561435,75.4226665,Manual
"Nagda, Madhya Pradesh",23.4561435,75.4226665,Manual
"Pithampur, Madhya Pradesh",22.611121,75.6772689,Manual
"Pithampur, Madhya Pradesh",22.611121,75.6772689,Manual
"Rewa, Madhya Pradesh",24.5362477,81.3036946,Manual
"Sagar, Madhya Pradesh",23.838805,78.7378068,Manual
"Sagar, Madhya Pradesh",23.838805,78.7378068,Manual
"Satna, Madhya Pradesh",24.6005075,80.8322428,Manual
"Satna, Madhya Pradesh",24.6005075,80.8322428,Manual
"Singrauli, Madhya Pradesh",24.2431529,82.4752757,Manual
"Singrauli, Madhya Pradesh",24.2431529,82.4752757,Manual
"Singrauli, Madhya Pradesh",24.2431529,82.4752757,Manual
"Ujjain, Madhya Pradesh",23.1764665,75.7885163,Manual
"Ujjain, Madhya Pradesh",23.1764665,75.7885163,Manual
"Ujjain, Madhya Pradesh",23.1764665,75.7885163,Manual
"Ujjain, Madhya Pradesh",23.1764665,75.7885163,Manual
"Akola, Maharashtra",20.7002159,77.0081678,Manual
"Akola, Maharashtra",20.7002159,77.0081678,Manual
"Akola, Maharashtra",20.7002159,77.0081678,Manual
"Ambernath, Maharashtra",19.1825167,73.1926023,Manual
"Amravati, Maharashtra",20.9319821,77.7523039,Manual
"Amravati, Maharashtra",20.9319821,77.7523039,Manual
"Amravati, Maharashtra",20.9319821,77.7523039,Manual
"Aurangabad, Maharashtra",19.8761653,75.3433139,Manual
"Aurangabad, Maharashtra",19.8761653,75.3433139,Manual
"Aurangabad, Maharashtra",19.8761653,75.3433139,Manual
"Aurangabad, Maharashtra",19.8761653,75.3433139,Manual
"Badlapur, Maharashtra",19.1667854,73.2367896,Manual
"Bhiwandi, Maharashtra",19.2812547,73.0482912,Manual
"Bhiwandi, Maharashtra",19.2812547,73.0482912,Manual
"Bhiwandi, Maharashtra",19.2812547,73.0482912,Manual
"Chandrapur, Maharashtra",19.9615398,79.2961468,Manual
"Chandrapur, Maharashtra",19.9615398,79.2961468,Manual
"Chandrapur, Maharashtra",19.9615398,79.2961468,Manual
"Chandrapur, Maharashtra",19.9615398,79.2961468,Manual
"Chandrapur, Maharashtra",19.9615398,79.2961468,Manual
"Chandrapur, Maharashtra",19.9615398,79.2961468,Manual
"Dombivali , Maharashtra",19.2094006,73.0939483,Manual
"Jalgaon, Maharashtra",21.0076578,75.5626039,Manual
"Jalgaon, Maharashtra",21.0076578,75.5626039,Manual
"Jalgaon, Maharashtra",21.0076578,75.5626039,Manual
"Jalna, Maharashtra",19.8346659,75.8816345,Manual
"Jalna, Maharashtra",19.8346659,75.8816345,Manual
"Kolhapur, Maharashtra",16.7049873,74.2432527,Manual
"Kolhapur, Maharashtra",16.7049873,74.2432527,Manual
"Kolhapur, Maharashtra",16.7049873,74.2432527,Manual
"Latur, Maharashtra",18.4087934,76.5603828,Manual
"Latur, Maharashtra",18.4087934,76.5603828,Manual
"Latur, Maharashtra",18.4087934,76.5603828,Manual
"Lote, Maharashtra",17.5888833,73.5093474,Manual
"Lote, Maharashtra",17.5888833,73.5093474,Manual
"Mahad, Maharashtra",18.0820208,73.422441,Manual
"Mahad, Maharashtra",18.0820208,73.422441,Manual
"Mahad, Maharashtra",18.0820208,73.422441,Manual
"Mumbai, Maharashtra",19.0759837,72.8776559,Manual
"Mumbai, Maharashtra",19.0759837,72.8776559,Manual
"Mumbai, Maharashtra",19.0759837,72.8776559,Manual
"Nagpur, Maharashtra",21.1458004,79.0881546,Manual
"Nagpur, Maharashtra",21.1458004,79.0881546,Manual
"Nagpur, Maharashtra",21.1458004,79.0881546,Manual
"Nagpur, Maharashtra",21.1458004,79.0881546,Manual
"Nagpur, Maharashtra",21.1458004,79.0881546,Manual
"Nagpur, Maharashtra",21.1458004,79.0881546,Manual
"Nagpur, Maharashtra",21.1458004,79.0881546,Manual
"Nanded, Maharashtra",19.1382514,77.3209555,Manual
"Nanded, Maharashtra",19.1382514,77.3209555,Manual
"Nanded, Maharashtra",19.1382514,77.3209555,Manual
"Nashik, Maharashtra",19.9974533,73.7898023,Manual
"Nashik, Maharashtra",19.9974533,73.7898023,Manual
"Nashik, Maharashtra",19.9974533,73.7898023,Manual
"Nashik, Maharashtra",19.9974533,73.7898023,Manual
"Navi Mumbai, Maharashtra",19.0330488,73.0296625,Manual
"Navi Mumbai, Maharashtra",19.0330488,73.0296625,Manual
"Navi Mumbai, Maharashtra",19.0330488,73.0296625,Manual
"Navi Mumbai, Maharashtra",19.0330488,73.0296625,Manual
"Navi Mumbai, Maharashtra",19.0330488,73.0296625,Manual
"Navi Mumbai, Maharashtra",19.0330488,73.0296625,Manual
"Pimpri-Chinchwad, Maharashtra",18.6297811,73.7997094,Manual
"Pune, Maharashtra",18.5204303,73.8567437,Manual
"Pune, Maharashtra",18.5204303,73.8567437,Manual
"Pune, Maharashtra",18.5204303,73.8567437,Manual
"Roha, Maharashtra",18.4389511,73.1167514,Manual
"Roha, Maharashtra",18.4389511,73.1167514,Manual
"Sangli, Maharashtra",16.8523973,74.5814773,Manual
"Sangli, Maharashtra",16.8523973,74.5814773,Manual
"Sangli, Maharashtra",16.8523973,74.5814773,Manual
"Solapur, Maharashtra",17.6599188,75.9063906,Manual
"Solapur, Maharashtra",17.6599188,75.9063906,Manual
"Tarapur, Maharashtra",19.8649145,72.6849984,Manual
"Tarapur, Maharashtra",19.8649145,72.6849984,Manual
"Tarapur, Maharashtra",19.8649145,72.6849984,Manual
"Thane, Maharashtra",19.2183307,72.9780897,Manual
"Thane, Maharashtra",19.2183307,72.9780897,Manual
"Thane, Maharashtra",19.2183307,72.9780897,Manual
"Ulhasnagar, Maharashtra",19.2215115,73.1644628,Manual
"Ulhasnagar, Maharashtra",19.2215115,73.1644628,Manual
"Imphal, Manipur",24.8170111,93.9368439,Manual
"Byraihat, Meghalaya",25.4670308,91.366216,Manual
"Dawki, Meghalaya",25.1840249,92.0248701,Manual
"Khlihriat, Meghalaya",25.3567243,92.3640875,Manual
"Nongstoin, Meghalaya",25.5213094,91.2554112,Manual
"Shillong, Meghalaya",25.5787726,91.8932535,Manual
"Shillong, Meghalaya",25.5787726,91.8932535,Manual
"Shillong, Meghalaya",25.5787726,91.8932535,Manual
"Shillong, Meghalaya",25.5787726,91.8932535,Manual
"Tura, Meghalaya",25.5140712,90.2032141,Manual
"Umaim, Meghalaya",25.6768054,91.9270246,Manual
"Aizwal, Mizoram",23.7307175,92.7173106,Manual
"Aizwal, Mizoram",23.7307175,92.7173106,Manual
"Aizwal, Mizoram",23.7307175,92.7173106,Manual
"Aizwal, Mizoram",23.7307175,92.7173106,Manual
"Aizwal, Mizoram",23.7307175,92.7173106,Manual
"Champhai, Mizoram",23.4565708,93.3281929,Manual
"Champhai, Mizoram",23.4565708,93.3281929,Manual
"Kolasib, Mizoram",24.224565,92.6760251,Manual
"Kolasib, Mizoram",24.224565,92.6760251,Manual
"Lawngtlai, Mizoram",22.5284445,92.8926342,Manual
"Lawngtlai, Mizoram",22.5284445,92.8926342,Manual
"Lunglei, Mizoram",22.8670691,92.7655358,Manual
"Lunglei, Mizoram",22.8670691,92.7655358,Manual
"Mamit, Mizoram",23.9294441,92.4905707,Manual
"Mamit, Mizoram",23.9294441,92.4905707,Manual
"Saiha, Mizoram",22.489734,92.979269,Manual
"Saiha, Mizoram",22.489734,92.979269,Manual
"Serchhip, Mizoram",23.3416578,92.8502302,Manual
"Serchhip, Mizoram",23.3416578,92.8502302,Manual
"Dimapur, Nagaland",25.9091406,93.7265605,Manual
"Dimapur, Nagaland",25.9091406,93.7265605,Manual
"Dimapur, Nagaland",25.9091406,93.7265605,Manual
"Dimapur, Nagaland",25.9091406,93.7265605,Manual
"Dimapur, Nagaland",25.9091406,93.7265605,Manual
"Dimapur, Nagaland",25.9091406,93.7265605,Manual
"Dimapur, Nagaland",25.9091406,93.7265605,Manual
"Kohima, Nagaland",25.6751129,94.1085998,Manual
"Kohima, Nagaland",25.6751129,94.1085998,Manual
"Angul, Odisha",20.8444033,85.1510818,Manual
"Angul, Odisha",20.8444033,85.1510818,Manual
"Balasore, Odisha",21.4933578,86.9134794,Manual
"Balasore, Odisha",21.4933578,86.9134794,Manual
"Balasore, Odisha",21.4933578,86.9134794,Manual
"Berhampur, Odisha",19.3149618,84.7940911,Manual
"Bhubaneshwar, Odisha",20.2960587,85.8245398,Manual
"Bhubaneshwar, Odisha",20.2960587,85.8245398,Manual
"Bhubaneshwar, Odisha",20.2960587,85.8245398,Manual
"Bhubaneshwar, Odisha",20.2960587,85.8245398,Manual
"Bhubaneshwar, Odisha",20.2960587,85.8245398,Manual
"Bhubaneshwar, Odisha",20.2960587,85.8245398,Manual
"Bonaigarh, Odisha",21.820617,84.951573,Manual
"Cuttack, Odisha",20.462521,85.8829895,Manual
"Cuttack, Odisha",20.462521,85.8829895,Manual
"Cuttack, Odisha",20.462521,85.8829895,Manual
"Jharsuguda, Odisha",21.8554375,84.0061661,Manual
"Jharsuguda, Odisha",21.8554375,84.0061661,Manual
"Jharsuguda, Odisha",21.8554375,84.0061661,Manual
"Kalinga Nagar, Odisha",20.9763099,86.005141,Manual
"Kalinga Nagar, Odisha",20.9763099,86.005141,Manual
"Kalinga Nagar, Odisha",20.9763099,86.005141,Manual
"Konark, Odisha",19.8920686,86.091184,Manual
"Paradeep, Odisha",20.3165523,86.6113628,Manual
"Paradeep, Odisha",20.3165523,86.6113628,Manual
"Paradeep, Odisha",20.3165523,86.6113628,Manual
"Puri, Odisha",19.8134554,85.8312359,Manual
"Puri, Odisha",19.8134554,85.8312359,Manual
"Rajgangpur, Odisha",22.190196,84.5798623,Manual
"Rayagada, Odisha",19.171209,83.4163226,Manual
"Rayagada, Odisha",19.171209,83.4163226,Manual
"Rourkela, Odisha",22.260423,84.8535844,Manual
"Rourkela, Odisha",22.260423,84.8535844,Manual
"Rourkela, Odisha",22.260423,84.8535844,Manual
"Rourkela, Odisha",22.260423,84.8535844,Manual
"Sambalpur, Odisha",21.4668716,83.9811665,Manual
"Talcher, Odisha",20.9501027,85.216816,Manual
"Talcher, Odisha",20.9501027,85.216816,Manual
"Karaikal, Pondicherry",10.9254398,79.8380056,Manual
"Karaikal, Pondicherry",10.9254398,79.8380056,Manual
"Karaikal, Pondicherry",10.9254398,79.8380056,Manual
"Pondicherry, Pondicherry",11.9415915,79.8083133,Manual
"Pondicherry, Pondicherry",11.9415915,79.8083133,Manual
"Pondicherry, Pondicherry",11.9415915,79.8083133,Manual
"Aligarh , Punjab",30.8140022,75.5123838,Manual
"Amritsar, Punjab",31.6339793,74.8722642,Manual
"Amritsar, Punjab",31.6339793,74.8722642,Manual
"Aspal Khurd , Punjab",30.2080786,75.5655147,Manual
"Batala, Punjab",31.8195248,75.2035876,Manual
"Bara Pind , Punjab",31.115787,75.8170786,Manual
"Bhatinda, Punjab",30.210994,74.9454745,Manual
"Binjon , Punjab",31.2654622,76.0029221,Manual
"Bishanpura , Punjab",30.7482731,76.0555087,Manual
"Changal , Punjab",30.2841039,75.7923778,Manual
"Chowkimann , Punjab",30.817177,75.5713361,Manual
"Dera Baba Nanak, Punjab",32.0321859,75.0304481,Manual
"Dera Bassi, Punjab",30.5886835,76.8470955,Manual
"Dera Bassi, Punjab",30.5886835,76.8470955,Manual
"Fatehpur , Punjab",31.0468414,75.557146,Manual
"Gobindgarh Mandi Gobindgarh, Punjab",30.664228,76.2913905,Manual
"Gobindgarh Mandi Gobindgarh, Punjab",30.664228,76.2913905,Manual
"Gobindgarh Mandi Gobindgarh, Punjab",30.664228,76.2913905,Manual
"Guru Ki Dhab , Punjab",30.4946304,74.8609472,Manual
"Jaito Sarja , Punjab",31.7453299,75.1961229,Manual
"Jalandhar, Punjab",31.3260152,75.5761829,Manual
"Jalandhar, Punjab",31.3260152,75.5761829,Manual
"Jalandhar, Punjab",31.3260152,75.5761829,Manual
"Jalandhar, Punjab",31.3260152,75.5761829,Manual
"Khanna, Punjab",30.7070769,76.2169907,Manual
"Khanna, Punjab",30.7070769,76.2169907,Manual
"Kharaori , Punjab",30.7498676,76.6411094,Manual
"Kotladoom , Punjab",31.6842349,74.7395591,Manual
"Lakho ke Behram , Punjab",30.8258918,74.448899,Manual
"Ludhiana, Punjab",30.900965,75.8572758,Manual
"Ludhiana, Punjab",30.900965,75.8572758,Manual
"Ludhiana, Punjab",30.900965,75.8572758,Manual
"Ludhiana, Punjab",30.900965,75.8572758,Manual
"Mrar Kalan , Punjab",30.5496774,74.6802956,Manual
"Mukandpur , Punjab",31.1284464,75.9434209,Manual
"Mureedke , Punjab",31.8094838,74.253415,Manual
"Naudhrani , Punjab",31.1471305,75.3412179,Manual
"Naya Nangal, Punjab",31.3866405,76.3550457,Manual
"Naya Nangal, Punjab",31.3866405,76.3550457,Manual
"Patiala, Punjab",30.3397809,76.3868797,Manual
"Patiala, Punjab",30.3397809,76.3868797,Manual
"Peer Mohammad , Punjab",31.0650656,75.0465123,Manual
"Poohli , Punjab",30.294724,75.0822857,Manual
"Qila Bharian , Punjab",30.2086519,75.7356953,Manual
"Rakhra , Punjab",30.3727471,76.2580499,Manual
"Rohila , Punjab",31.1471305,75.3412179,Manual
"Subanpur , Punjab",31.466015,75.4075221,Manual
"Tirathpur , Punjab",31.630571,75.0216852,Manual
"Alwar, Rajasthan",27.5529907,76.6345735,Manual
"Alwar, Rajasthan",27.5529907,76.6345735,Manual
"Alwar, Rajasthan",27.5529907,76.6345735,Manual
"Bharatpur, Rajasthan",27.2151863,77.5029996,Manual
"Bharatpur, Rajasthan",27.2151863,77.5029996,Manual
"Bharatpur, Rajasthan",27.2151863,77.5029996,Manual
"Bhiwadi, Rajasthan",28.2014149,76.8275503,Manual
"Bhiwadi, Rajasthan",28.2014149,76.8275503,Manual
"Bhiwadi, Rajasthan",28.2014149,76.8275503,Manual
"Chittorgargh, Rajasthan",24.8829177,74.6229699,Manual
"Chittorgargh, Rajasthan",24.8829177,74.6229699,Manual
"Chittorgargh, Rajasthan",24.8829177,74.6229699,Manual
"Jaipur, Rajasthan",26.9124336,75.7872709,Manual
"Jaipur, Rajasthan",26.9124336,75.7872709,Manual
"Jaipur, Rajasthan",26.9124336,75.7872709,Manual
"Jaipur, Rajasthan",26.9124336,75.7872709,Manual
"Jaipur, Rajasthan",26.9124336,75.7872709,Manual
"Jaipur, Rajasthan",26.9124336,75.7872709,Manual
"Jaipur, Rajasthan",26.9124336,75.7872709,Manual
"Jaipur, Rajasthan",26.9124336,75.7872709,Manual
"Jaipur, Rajasthan",26.9124336,75.7872709,Manual
"Jodhpur, Rajasthan",26.2389469,73.0243094,Manual
"Jodhpur, Rajasthan",26.2389469,73.0243094,Manual
"Jodhpur, Rajasthan",26.2389469,73.0243094,Manual
"Jodhpur, Rajasthan",26.2389469,73.0243094,Manual
"Jodhpur, Rajasthan",26.2389469,73.0243094,Manual
"Jodhpur, Rajasthan",26.2389469,73.0243094,Manual
"Jodhpur, Rajasthan",26.2389469,73.0243094,Manual
"Jodhpur, Rajasthan",26.2389469,73.0243094,Manual
"Jodhpur, Rajasthan",26.2389469,73.0243094,Manual
"Kota, Rajasthan",25.2138156,75.8647527,Manual
"Kota, Rajasthan",25.2138156,75.8647527,Manual
"Kota, Rajasthan",25.2138156,75.8647527,Manual
"Kota, Rajasthan",25.2138156,75.8647527,Manual
"Kota, Rajasthan",25.2138156,75.8647527,Manual
"Kota, Rajasthan",25.2138156,75.8647527,Manual
"Udaipur, Rajasthan",24.585445,73.712479,Manual
"Udaipur, Rajasthan",24.585445,73.712479,Manual
"Udaipur, Rajasthan",24.585445,73.712479,Manual
"Chungthang, Sikkim",27.6039119,88.6464449,Manual
"Gangtok, Sikkim",27.3313512,88.6138113,Manual
"Gangtok, Sikkim",27.3313512,88.6138113,Manual
"Mangan, Sikkim",27.4978787,88.5347783,Manual
"Namchi, Sikkim",27.166996,88.3652122,Manual
"Pelling, Sikkim",27.3197716,88.2400333,Manual
"Rangpo, Sikkim",27.176147,88.5287339,Manual
"Ravangla, Sikkim",27.3065811,88.3639986,Manual
"Singtam, Sikkim",27.1364448,88.3931154,Manual
"Chennai, Tamilnadu",13.0826802,80.2707184,Manual
"Chennai, Tamilnadu",13.0826802,80.2707184,Manual
"Chennai, Tamilnadu",13.0826802,80.2707184,Manual
"Chennai, Tamilnadu",13.0826802,80.2707184,Manual
"Chennai, Tamilnadu",13.0826802,80.2707184,Manual
"Chennai, Tamilnadu",13.0826802,80.2707184,Manual
"Chennai, Tamilnadu",13.0826802,80.2707184,Manual
"Chennai, Tamilnadu",13.0826802,80.2707184,Manual
"Chennai, Tamilnadu",13.0826802,80.2707184,Manual
"Chennai, Tamilnadu",13.0826802,80.2707184,Manual
"Chennai, Tamilnadu",13.0826802,80.2707184,Manual
"Coimbatore, Tamilnadu",11.0168445,76.9558321,Manual
"Coimbatore, Tamilnadu",11.0168445,76.9558321,Manual
"Coimbatore, Tamilnadu",11.0168445,76.9558321,Manual
"Cuddalore, Tamilnadu",11.7480419,79.7713687,Manual
"Cuddalore, Tamilnadu",11.7480419,79.7713687,Manual
"Cuddalore, Tamilnadu",11.7480419,79.7713687,Manual
"Dharmapuri, Tamilnadu",12.1210997,78.1582143,Manual
"Dharmapuri, Tamilnadu",12.1210997,78.1582143,Manual
"Dharmapuri, Tamilnadu",12.1210997,78.1582143,Manual
"Madurai, Tamilnadu",9.9252007,78.1197754,Manual
"Madurai, Tamilnadu",9.9252007,78.1197754,Manual
"Madurai, Tamilnadu",9.9252007,78.1197754,Manual
"Mettur, Tamilnadu",11.7862533,77.8007853,Manual
"Mettur, Tamilnadu",11.7862533,77.8007853,Manual
"Nagercoil, Tamilnadu",8.1832857,77.4118996,Manual
"Nagercoil, Tamilnadu",8.1832857,77.4118996,Manual
"Nagercoil, Tamilnadu",8.1832857,77.4118996,Manual
"Perambalur, Tamilnadu",11.2342104,78.8806852,Manual
"Perambalur, Tamilnadu",11.2342104,78.8806852,Manual
"Perambalur, Tamilnadu",11.2342104,78.8806852,Manual
"Salem, Tamilnadu",11.664325,78.1460142,Manual
"Sivagangai, Tamilnadu",9.8432999,78.4808775,Manual
"Sivagangai, Tamilnadu",9.8432999,78.4808775,Manual
"Sivagangai, Tamilnadu",9.8432999,78.4808775,Manual
"Theni, Tamilnadu",10.0079322,77.4735441,Manual
"Theni, Tamilnadu",10.0079322,77.4735441,Manual
"Theni, Tamilnadu",10.0079322,77.4735441,Manual
"Tiruvannamalai, Tamilnadu",12.2252841,79.0746957,Manual
"Tiruvannamalai, Tamilnadu",12.2252841,79.0746957,Manual
"Tiruvannamalai, Tamilnadu",12.2252841,79.0746957,Manual
"Tiruvarur, Tamilnadu",10.7661312,79.6343691,Manual
"Tiruvarur, Tamilnadu",10.7661312,79.6343691,Manual
"Tiruvarur, Tamilnadu",10.7661312,79.6343691,Manual
"Trichy, Tamilnadu",10.7904833,78.7046725,Manual
"Trichy, Tamilnadu",10.7904833,78.7046725,Manual
"Trichy, Tamilnadu",10.7904833,78.7046725,Manual
"Trichy, Tamilnadu",10.7904833,78.7046725,Manual
"Trichy, Tamilnadu",10.7904833,78.7046725,Manual
"Tuticorin , Tamilnadu",8.7641661,78.1348361,Manual
"Tuticorin , Tamilnadu",8.7641661,78.1348361,Manual
"Tuticorin , Tamilnadu",8.7641661,78.1348361,Manual
"Villupuram, Tamilnadu",11.9401378,79.4861449,Manual
"Villupuram, Tamilnadu",11.9401378,79.4861449,Manual
"Villupuram, Tamilnadu",11.9401378,79.4861449,Manual
"Adilabad, Telangana",19.6640624,78.5320107,Manual
"Hyderabad, Telangana",17.385044,78.486671,Manual
"Hyderabad, Telangana",17.385044,78.486671,Manual
"Hyderabad, Telangana",17.385044,78.486671,Manual
"Hyderabad, Telangana",17.385044,78.486671,Manual
"Hyderabad, Telangana",17.385044,78.486671,Manual
"Hyderabad, Telangana",17.385044,78.486671,Manual
"Hyderabad, Telangana",17.385044,78.486671,Manual
"Hyderabad, Telangana",17.385044,78.486671,Manual
"Hyderabad, Telangana",17.385044,78.486671,Manual
"Hyderabad, Telangana",17.385044,78.486671,Manual
"Karimnagar, Telangana",18.4385553,79.1288412,Manual
"Khammam, Telangana",17.2472528,80.1514447,Manual
"Khammam, Telangana",17.2472528,80.1514447,Manual
"Kothur, Telangana",17.1473513,78.2889005,Manual
"Nalgonda, Telangana",17.0574663,79.2684169,Manual
"Nalgonda, Telangana",17.0574663,79.2684169,Manual
"Nizamabad, Telangana",18.6725047,78.0940867,Manual
"Patencheru, Telangana",17.5287427,78.266725,Manual
"Ramagundum, Telangana",18.7518652,79.5133701,Manual
"Sangareddy, Telangana",17.6140077,78.0815627,Manual
"Sangareddy, Telangana",17.6140077,78.0815627,Manual
"Sangareddy, Telangana",17.6140077,78.0815627,Manual
"Warangal, Telangana",17.9689008,79.5940544,Manual
"Warangal, Telangana",17.9689008,79.5940544,Manual
"Agartala, Tripura",23.831457,91.2867777,Manual
"Agartala, Tripura",23.831457,91.2867777,Manual
"Agra, Uttar Pradesh",27.1766701,78.0080745,Manual
"Agra, Uttar Pradesh",27.1766701,78.0080745,Manual
"Agra, Uttar Pradesh",27.1766701,78.0080745,Manual
"Agra, Uttar Pradesh",27.1766701,78.0080745,Manual
"Agra, Uttar Pradesh",27.1766701,78.0080745,Manual
"Agra, Uttar Pradesh",27.1766701,78.0080745,Manual
"Aligarh, Uttar Pradesh",27.8973944,78.0880129,Manual
"Aligarh, Uttar Pradesh",27.8973944,78.0880129,Manual
"Allahabad, Uttar Pradesh",25.4358011,81.846311,Manual
"Allahabad, Uttar Pradesh",25.4358011,81.846311,Manual
"Allahabad, Uttar Pradesh",25.4358011,81.846311,Manual
"Allahabad, Uttar Pradesh",25.4358011,81.846311,Manual
"Allahabad, Uttar Pradesh",25.4358011,81.846311,Manual
"Anpara, Uttar Pradesh",24.2048772,82.7832489,Manual
"Anpara, Uttar Pradesh",24.2048772,82.7832489,Manual
"Ayodhya, Uttar Pradesh",26.7921605,82.1997954,Manual
"Ayodhya, Uttar Pradesh",26.7921605,82.1997954,Manual
"Bagpat, Uttar Pradesh",28.9427827,77.227607,Manual
"Bagpat, Uttar Pradesh",28.9427827,77.227607,Manual
"Bareily, Uttar Pradesh",28.3670355,79.4304381,Manual
"Bareily, Uttar Pradesh",28.3670355,79.4304381,Manual
"Firozabad, Uttar Pradesh",27.1591961,78.3957331,Manual
"Firozabad, Uttar Pradesh",27.1591961,78.3957331,Manual
"Firozabad, Uttar Pradesh",27.1591961,78.3957331,Manual
"Gajroula, Uttar Pradesh",28.8381644,78.2421812,Manual
"Gajroula, Uttar Pradesh",28.8381644,78.2421812,Manual
"Ghaziabad, Uttar Pradesh",28.6691565,77.4537578,Manual
"Ghaziabad, Uttar Pradesh",28.6691565,77.4537578,Manual
"Ghaziabad, Uttar Pradesh",28.6691565,77.4537578,Manual
"Ghaziabad, Uttar Pradesh",28.6691565,77.4537578,Manual
"Gorakhpur, Uttar Pradesh",26.7605545,83.3731675,Manual
"Gorakhpur, Uttar Pradesh",26.7605545,83.3731675,Manual
"Gorakhpur, Uttar Pradesh",26.7605545,83.3731675,Manual
"Greater Noida, Uttar Pradesh",28.4743879,77.5039904,Manual
"Greater Noida, Uttar Pradesh",28.4743879,77.5039904,Manual
"Hapur, Uttar Pradesh",28.7305798,77.7758825,Manual
"Hapur, Uttar Pradesh",28.7305798,77.7758825,Manual
"Hatras, Uttar Pradesh",27.5980718,78.0492265,Manual
"Hatras, Uttar Pradesh",27.5980718,78.0492265,Manual
"Jhansi, Uttar Pradesh",25.4484257,78.5684594,Manual
"Jhansi, Uttar Pradesh",25.4484257,78.5684594,Manual
"Kanpur, Uttar Pradesh",26.449923,80.3318736,Manual
"Kanpur, Uttar Pradesh",26.449923,80.3318736,Manual
"Kanpur, Uttar Pradesh",26.449923,80.3318736,Manual
"Kanpur, Uttar Pradesh",26.449923,80.3318736,Manual
"Kanpur, Uttar Pradesh",26.449923,80.3318736,Manual
"Kanpur, Uttar Pradesh",26.449923,80.3318736,Manual
"Kanpur, Uttar Pradesh",26.449923,80.3318736,Manual
"Kanpur, Uttar Pradesh",26.449923,80.3318736,Manual
"Kanpur, Uttar Pradesh",26.449923,80.3318736,Manual
"Khurja, Uttar Pradesh",28.2489801,77.854903,Manual
"Khurja, Uttar Pradesh",28.2489801,77.854903,Manual
"Lucknow, Uttar Pradesh",26.8466937,80.946166,Manual
"Lucknow, Uttar Pradesh",26.8466937,80.946166,Manual
"Lucknow, Uttar Pradesh",26.8466937,80.946166,Manual
"Lucknow, Uttar Pradesh",26.8466937,80.946166,Manual
"Lucknow, Uttar Pradesh",26.8466937,80.946166,Manual
"Lucknow, Uttar Pradesh",26.8466937,80.946166,Manual
"Lucknow, Uttar Pradesh",26.8466937,80.946166,Manual
"Lucknow, Uttar Pradesh",26.8466937,80.946166,Manual
"Mathura, Uttar Pradesh",27.4924134,77.673673,Manual
"Mathura, Uttar Pradesh",27.4924134,77.673673,Manual
"Meerut, Uttar Pradesh",28.9844618,77.7064137,Manual
"Meerut, Uttar Pradesh",28.9844618,77.7064137,Manual
"Moradabad, Uttar Pradesh",28.8386481,78.7733286,Manual
"Moradabad, Uttar Pradesh",28.8386481,78.7733286,Manual
"Muzaffarnagar, Uttar Pradesh",29.4726817,77.7085091,Manual
"Muzaffarnagar, Uttar Pradesh",29.4726817,77.7085091,Manual
"Noida, Uttar Pradesh",28.5355161,77.3910265,Manual
"Noida, Uttar Pradesh",28.5355161,77.3910265,Manual
"Noida, Uttar Pradesh",28.5355161,77.3910265,Manual
"Noida, Uttar Pradesh",28.5355161,77.3910265,Manual
"Raibareli, Uttar Pradesh",26.2144806,81.2528139,Manual
"Raibareli, Uttar Pradesh",26.2144806,81.2528139,Manual
"Raibareli, Uttar Pradesh",26.2144806,81.2528139,Manual
"Saharanpur, Uttar Pradesh",29.9680035,77.5552066,Manual
"Saharanpur, Uttar Pradesh",29.9680035,77.5552066,Manual
"Unnao, Uttar Pradesh",26.5393449,80.4878195,Manual
"Unnao, Uttar Pradesh",26.5393449,80.4878195,Manual
"Varanasi, Uttar Pradesh",25.3176452,82.9739144,Manual
"Varanasi, Uttar Pradesh",25.3176452,82.9739144,Manual
"Varanasi, Uttar Pradesh",25.3176452,82.9739144,Manual
"Varanasi, Uttar Pradesh",25.3176452,82.9739144,Manual
"Varanasi, Uttar Pradesh",25.3176452,82.9739144,Manual
"Dehradun, Uttarakhand",30.3164945,78.0321918,Manual
"Dehradun, Uttarakhand",30.3164945,78.0321918,Manual
"Dehradun, Uttarakhand",30.3164945,78.0321918,Manual
"Haldwani, Uttarakhand",29.2182644,79.5129767,Manual
"Haridwar, Uttarakhand",29.9456906,78.1642478,Manual
"Kashipur, Uttarakhand",29.2104232,78.9618845,Manual
"Rishikesh, Uttarakhand",30.0869281,78.2676116,Manual
"Rudrapur, Uttarakhand",28.9875082,79.4141214,Manual
"Alipurduar, West Bengal",26.4922164,89.5319627,Manual
"Alipurduar, West Bengal",26.4922164,89.5319627,Manual
"Alipurduar, West Bengal",26.4922164,89.5319627,Manual
"Amtala, West Bengal",22.3668822,88.2777344,Manual
"Asansol, West Bengal",23.6888636,86.9660638,Manual
"Asansol, West Bengal",23.6888636,86.9660638,Manual
"Asansol, West Bengal",23.6888636,86.9660638,Manual
"Baharampur, West Bengal",24.0982607,88.268411,Manual
"Balurghat, West Bengal",25.2372834,88.7830612,Manual
"Bankura, West Bengal",23.2312686,87.0783875,Manual
"Barasat, West Bengal",22.7247556,88.4789351,Manual
"Bardhaman, West Bengal",23.2324214,87.8614793,Manual
"Barrckpore, West Bengal",22.7674278,88.3883455,Manual
"Barrckpore, West Bengal",22.7674278,88.3883455,Manual
"Barrckpore, West Bengal",22.7674278,88.3883455,Manual
"Baruipur, West Bengal",22.3599251,88.4325462,Manual
"Bolpur, West Bengal",23.671195,87.6918921,Manual
"Chinsura, West Bengal",22.9011588,88.3898552,Manual
"Coochbihar, West Bengal",26.3452397,89.4482079,Manual
"Coochbihar, West Bengal",26.3452397,89.4482079,Manual
"Dankuni, West Bengal",22.6809296,88.2970142,Manual
"Darjeeling, West Bengal",27.0410218,88.2662745,Manual
"Durgapur, West Bengal",23.5204443,87.3119227,Manual
"Durgapur, West Bengal",23.5204443,87.3119227,Manual
"Durgapur, West Bengal",23.5204443,87.3119227,Manual
"Durgapur, West Bengal",23.5204443,87.3119227,Manual
"Ghatal, West Bengal",22.6636967,87.7468071,Manual
"Haldia, West Bengal",22.0627164,88.0832934,Manual
"Haldia, West Bengal",22.0627164,88.0832934,Manual
"Haldia, West Bengal",22.0627164,88.0832934,Manual
"Haldia, West Bengal",22.0627164,88.0832934,Manual
"Howrah, West Bengal",22.5957689,88.2636394,Manual
"Howrah, West Bengal",22.5957689,88.2636394,Manual
"Howrah, West Bengal",22.5957689,88.2636394,Manual
"Howrah, West Bengal",22.5957689,88.2636394,Manual
"Jalpaiguri, West Bengal",26.5214579,88.7195567,Manual
"Jhargram, West Bengal",22.4549909,86.9974385,Manual
"Kalimpong, West Bengal",27.0593562,88.4694535,Manual
"Kalyani, West Bengal",22.9747271,88.433721,Manual
"Kharagpur, West Bengal",22.34601,87.2319753,Manual
"Kolkata, West Bengal",22.572646,88.363895,Manual
"Kolkata, West Bengal",22.572646,88.363895,Manual
"Kolkata, West Bengal",22.572646,88.363895,Manual
"Kolkata, West Bengal",22.572646,88.363895,Manual
"Kolkata, West Bengal",22.572646,88.363895,Manual
"Kolkata, West Bengal",22.572646,88.363895,Manual
"Kolkata, West Bengal",22.572646,88.363895,Manual
"Kolkata, West Bengal",22.572646,88.363895,Manual
"Kolkata, West Bengal",22.572646,88.363895,Manual
"Kolkata, West Bengal",22.572646,88.363895,Manual
"Kolkata, West Bengal",22.572646,88.363895,Manual
"Kolkata, West Bengal",22.572646,88.363895,Manual
"Kolkata, West Bengal",22.572646,88.363895,Manual
"Kolkata, West Bengal",22.572646,88.363895,Manual
"Kolkata, West Bengal",22.572646,88.363895,Manual
"Kolkata, West Bengal",22.572646,88.363895,Manual
"Kolkata, West Bengal",22.572646,88.363895,Manual
"Kolkata, West Bengal",22.572646,88.363895,Manual
"Kolkata, West Bengal",22.572646,88.363895,Manual
"Kolkata, West Bengal",22.572646,88.363895,Manual
"Kolkata, West Bengal",22.572646,88.363895,Manual
"Krishnanagar, West Bengal",23.4013101,88.5021152,Manual
"Madhyamgram, West Bengal",22.6924004,88.4653367,Manual
"Malda, West Bengal",25.0108408,88.1410967,Manual
"Medinipur, West Bengal",22.4256613,87.3198819,Manual
"Purulia, West Bengal",23.3322026,86.3616405,Manual
"Raigunj, West Bengal",25.6328682,88.1319057,Manual
"Rampurhat, West Bengal",24.1744845,87.7793421,Manual
"Ranaghat, West Bengal",23.1744548,88.5605732,Manual
"Raniganj, West Bengal",23.6233888,87.1142646,Manual
"Raniganj, West Bengal",23.6233888,87.1142646,Manual
"Raniganj, West Bengal",23.6233888,87.1142646,Manual
"Rishra, West Bengal",22.7246004,88.343649,Manual
"Sankrail, West Bengal",22.5338628,88.2290341,Manual
"Sankrail, West Bengal",22.5338628,88.2290341,Manual
"Sankrail, West Bengal",22.5338628,88.2290341,Manual
"Sankrail, West Bengal",22.5338628,88.2290341,Manual
"Siliguri, West Bengal",26.7271012,88.3952861,Manual
"Suri, West Bengal",23.9129255,87.5268393,Manual
"Tamluk, West Bengal",22.2858078,87.9188533,Manual
"Tribeni, West Bengal",22.9901287,88.3943282,Manual
"Uluberia, West Bengal",22.4763526,88.0897934,Manual
